Pos,Player,Conf,Tm,Age,Yrs,G,GS,Cmp,Att,Yds,TD,Int,Att.1,Yds.1,TD.1,Rec,Yds.2,TD.2,Solo,Sk,Int.1,All-pro teams
QB,Aaron Rodgers,NFC,GNB,28,6,15,15,343,502,4643,45,6,60,257,3,0,0,0,1,0.0,0,"AP: 1st Tm, FW: 1st Tm, PFF: 1st Tm, SN: 1st Tm"
QB,Drew Brees,NFC,NOR,32,10,16,16,468,657,5476,46,14,21,86,1,0,0,0,2,0.0,0,"AP: 2nd Tm, PFF: 2nd Tm"
QB,Cam Newton,NFC,CAR,22,Rook,16,16,310,517,4051,21,17,126,706,14,1,27,0,1,0.0,0,
QB,Andy Dalton,AFC,CIN,24,Rook,16,16,300,516,3398,20,13,37,152,1,0,0,0,2,0.0,0,
QB,Tom Brady,AFC,NWE,34,11,16,16,401,611,5235,39,12,43,109,3,0,0,0,0,0.0,0,
QB,Eli Manning,NFC,NYG,30,7,16,16,359,589,4933,29,16,35,15,1,0,0,0,0,0.0,0,
QB,Ben Roethlisberger,AFC,PIT,29,7,15,15,324,513,4077,21,14,31,70,0,0,0,0,2,0.0,0,
QB,Philip Rivers,AFC,SDG,30,7,16,16,366,582,4624,27,20,26,36,1,0,0,0,1,0.0,0,
RB,Maurice Jones-Drew,AFC,JAX,26,5,16,16,0,0,0,0,0,343,1606,8,43,374,3,1,0.0,0,"AP: 1st Tm, FW: 1st Tm, PFF: 1st Tm, SN: 1st Tm"
RB,LeSean McCoy,NFC,PHI,23,2,15,15,0,0,0,0,0,273,1309,17,48,315,3,2,0.0,0,"AP: 1st Tm, FW: 1st Tm, PFF: 2nd Tm, SN: 1st Tm"
RB,Arian Foster,AFC,HOU,25,2,13,13,0,0,0,0,0,278,1224,10,53,617,2,3,0.0,0,AP: 2nd Tm
RB,Ray Rice,AFC,BAL,24,3,16,16,1,1,1,1,0,291,1364,12,76,704,3,0,0.0,0,AP: 2nd Tm
RB,Matt Forte,NFC,CHI,26,3,12,12,0,1,0,0,0,203,997,3,52,490,1,3,0.0,0,
RB,Willis McGahee,AFC,DEN,30,7,15,14,0,0,0,0,0,249,1199,4,12,51,1,1,0.0,0,
RB,Ryan Mathews,AFC,SDG,24,1,14,14,0,0,0,0,0,222,1091,6,50,455,0,2,0.0,0,
RB,Marshawn Lynch,NFC,SEA,25,4,15,15,0,2,0,0,0,285,1204,12,28,212,1,2,0.0,0,
RB,Frank Gore,NFC,SFO,28,6,16,15,0,0,0,0,0,282,1211,8,17,114,0,1,0.0,0,
FB,Vonta Leach,AFC,BAL,30,7,16,16,0,0,0,0,0,12,35,0,15,69,0,2,0.0,0,"AP: 1st Tm, PFF: 1st Tm"
FB,John Kuhn,NFC,GNB,29,5,16,3,0,0,0,0,0,30,78,4,15,77,2,1,0.0,0,AP: 2nd Tm
FB,Michael Robinson,NFC,SEA,28,5,14,4,0,0,0,0,0,4,7,0,9,74,1,6,0.0,0,
WR,Calvin Johnson,NFC,DET,26,4,16,16,0,0,0,0,0,1,11,0,96,1681,16,0,0.0,0,"AP: 1st Tm, FW: 1st Tm, PFF: 1st Tm, SN: 1st Tm"
WR,Wes Welker,AFC,NWE,30,7,16,15,0,0,0,0,0,4,30,0,122,1569,9,1,0.0,0,"AP: 1st Tm, FW: 1st Tm, PFF: 1st Tm, SN: 1st Tm"
WR,Larry Fitzgerald,NFC,ARI,28,7,16,16,0,0,0,0,0,0,0,0,80,1411,8,4,0.0,0,"AP: 2nd Tm, PFF: 1st Tm"
WR,Steve Smith,NFC,CAR,32,10,16,16,0,0,0,0,0,6,56,0,79,1394,7,5,0.0,0,PFF: 2nd Tm
WR,Roddy White,NFC,ATL,30,6,16,16,0,0,0,0,0,0,0,0,100,1296,8,2,0.0,0,
WR,A.J. Green,AFC,CIN,23,Rook,15,15,0,0,0,0,0,5,53,0,65,1057,7,2,0.0,0,
WR,Greg Jennings,NFC,GNB,28,5,13,13,0,0,0,0,0,0,0,0,67,949,9,1,0.0,0,
WR,Brandon Marshall,AFC,MIA,27,5,16,16,0,0,0,0,0,1,13,0,81,1214,6,1,0.0,0,
WR,Mike Wallace,AFC,PIT,25,2,16,14,0,0,0,0,0,5,57,0,72,1193,8,2,0.0,0,
WR,Vincent Jackson,AFC,SDG,28,6,16,16,0,0,0,0,0,3,51,0,60,1106,9,4,0.0,0,
TE,Rob Gronkowski,AFC,NWE,22,1,16,16,0,0,0,0,0,1,2,1,90,1327,17,1,0.0,0,"AP: 1st Tm, FW: 1st Tm, PFF: 1st Tm, SN: 1st Tm"
TE,Jimmy Graham,NFC,NOR,25,1,16,11,0,0,0,0,0,0,0,0,99,1310,11,0,0.0,0,"AP: 2nd Tm, PFF: 2nd Tm"
TE,Tony Gonzalez,NFC,ATL,35,14,16,16,0,0,0,0,0,0,0,0,80,875,7,4,0.0,0,
TE,Jermaine Gresham,AFC,CIN,23,1,14,13,0,0,0,0,0,0,0,0,56,596,6,1,0.0,0,
TE,Antonio Gates,AFC,SDG,31,8,13,13,0,0,0,0,0,0,0,0,64,778,7,3,0.0,0,
T,Jason Peters,NFC,PHI,29,7,14,14,0,0,0,0,0,0,0,0,0,0,0,1,0.0,0,"AP: 1st Tm, FW: 1st Tm, PFF: 1st Tm, SN: 1st Tm"
T,Joe Thomas,AFC,CLE,27,4,16,16,0,0,0,0,0,0,0,0,0,0,0,1,0.0,0,"AP: 1st Tm, FW: 1st Tm"
T,Joe Staley,NFC,SFO,27,4,16,16,0,0,0,0,0,0,0,0,1,17,0,1,0.0,0,AP: 2nd Tm
T,Ryan Clady,AFC,DEN,25,3,16,16,0,0,0,0,0,0,0,0,0,0,0,1,0.0,0,
T,Jake Long,AFC,MIA,26,3,14,14,0,0,0,0,0,0,0,0,0,0,0,1,0.0,0,
T,Jermon Bushrod,NFC,NOR,27,4,16,16,0,0,0,0,0,0,0,0,0,0,0,1,0.0,0,
T,D'Brickashaw Ferguson,AFC,NYJ,28,5,16,16,0,0,0,0,0,0,0,0,0,0,0,2,0.0,0,
G,Carl Nicks,NFC,NOR,26,3,16,16,0,0,0,0,0,0,0,0,0,0,0,0,0.0,0,"AP: 1st Tm, FW: 1st Tm, SN: 1st Tm, PFF: 2nd Tm"
G,Jahri Evans,NFC,NOR,28,5,16,16,0,0,0,0,0,0,0,0,0,0,0,1,0.0,0,"AP: 1st Tm, FW: 1st Tm, SN: 1st Tm"
G,Marshal Yanda,AFC,BAL,27,4,16,16,0,0,0,0,0,0,0,0,0,0,0,1,0.0,0,"AP: 2nd Tm, PFF: 1st Tm"
G,Logan Mankins,AFC,NWE,29,6,15,15,0,0,0,0,0,0,0,0,0,0,0,0,0.0,0,AP: 2nd Tm
G,Brian Waters,AFC,NWE,34,11,16,16,0,0,0,0,0,0,0,0,0,0,0,0,0.0,0,
G,Brandon Moore,AFC,NYJ,31,8,16,16,0,0,0,0,0,0,0,0,0,0,0,4,0.0,0,
G,Ben Grubbs,AFC,BAL,27,4,10,10,0,0,0,0,0,0,0,0,0,0,0,0,0.0,0,
G,Davin Joseph,NFC,TAM,28,5,16,16,0,0,0,0,0,0,0,0,0,0,0,2,0.0,0,
C,Maurkice Pouncey,AFC,PIT,22,1,14,14,0,0,0,0,0,0,0,0,0,0,0,1,0.0,0,"AP: 1st Tm, FW: 1st Tm"
C,Nick Mangold,AFC,NYJ,27,5,14,14,0,0,0,0,0,0,0,0,0,0,0,1,0.0,0,"AP: 2nd Tm, PFF: 2nd Tm, SN: 1st Tm"
C,Chris Myers,AFC,HOU,30,6,16,16,0,0,0,0,0,0,0,0,0,0,0,1,0.0,0,PFF: 1st Tm
C,Ryan Kalil,NFC,CAR,26,4,16,16,0,0,0,0,0,0,0,0,0,0,0,5,0.0,0,AP: 2nd Tm
C,Scott Wells,NFC,GNB,30,7,16,16,0,0,0,0,0,0,0,0,0,0,0,0,0.0,0,
DE,Jared Allen,NFC,MIN,29,7,16,16,0,0,0,0,0,0,0,0,0,0,0,48,22.0,1,"AP: 1st Tm, FW: 1st Tm, PFF: 1st Tm, SN: 1st Tm"
DE,Jason Pierre-Paul,NFC,NYG,22,1,16,12,0,0,0,0,0,0,0,0,0,0,0,72,16.5,0,"AP: 1st Tm, FW: 1st Tm, PFF: 2nd Tm"
DE,Jason Babin,NFC,PHI,31,7,16,16,0,0,0,0,0,0,0,0,0,0,0,35,18.0,0,"SN: 1st Tm, AP: 2nd Tm"
DE,Julius Peppers,NFC,CHI,31,9,16,16,0,0,0,0,0,0,0,0,0,0,0,33,11.0,0,
DE,Dwight Freeney,AFC,IND,31,9,16,15,0,0,0,0,0,0,0,0,0,0,0,13,8.5,0,
DE,Elvis Dumervil,AFC,DEN,27,5,14,14,0,0,0,0,0,0,0,0,0,0,0,31,9.5,0,
DE,Antonio Smith,AFC,HOU,30,7,16,16,0,0,0,0,0,0,0,0,0,0,0,19,6.5,0,
DE,Andre Carter,AFC,NWE,32,10,14,14,0,0,0,0,0,0,0,0,0,0,0,31,10.0,0,
DT,Haloti Ngata,AFC,BAL,27,5,16,16,0,0,0,0,0,0,0,0,0,0,0,36,5.0,0,"AP: 1st Tm, FW: 1st Tm, SN: 1st Tm"
DT,Justin Smith,NFC,SFO,32,10,16,16,0,0,0,0,0,0,0,0,0,0,0,45,7.5,0,"AP: 1st Tm, FW: 1st Tm, PFF: 1st Tm"
DT,Geno Atkins,AFC,CIN,23,1,16,15,0,0,0,0,0,0,0,0,0,0,0,29,7.5,0,"AP: 2nd Tm, PFF: 1st Tm"
DT,Richard Seymour,AFC,OAK,32,10,16,15,0,0,0,0,0,0,0,0,0,0,0,23,6.0,0,"AP: 2nd Tm, PFF: 2nd Tm"
DT,Jay Ratliff,NFC,DAL,30,6,16,16,0,0,0,0,0,0,0,0,0,0,0,29,2.0,0,PFF: 2nd Tm
DT,Vince Wilfork,AFC,NWE,30,7,16,16,0,0,0,0,0,0,0,0,0,0,0,29,3.5,2,AP: 2nd Tm
DT,B.J. Raji,NFC,GNB,25,2,16,16,0,0,0,0,0,1,1,1,0,0,0,14,3.0,0,
DT,Paul Soliai,AFC,MIA,28,4,16,12,0,0,0,0,0,0,0,0,0,0,0,19,0.0,0,
OLB,DeMarcus Ware,NFC,DAL,29,6,16,16,0,0,0,0,0,0,0,0,0,0,0,47,19.5,0,"AP: 1st Tm, FW: 1st Tm, PFF: 1st Tm, SN: 1st Tm"
OLB,Terrell Suggs,AFC,BAL,29,8,16,16,0,0,0,0,0,0,0,0,0,0,0,50,14.0,2,"AP: 1st Tm, FW: 1st Tm, PFF: 1st Tm, SN: 1st Tm"
OLB,Von Miller,AFC,DEN,22,Rook,15,15,0,0,0,0,0,0,0,0,0,0,0,50,11.5,0,"AP: 2nd Tm, PFF: 1st Tm"
OLB,Tamba Hali,AFC,KAN,28,5,16,16,0,0,0,0,0,0,0,0,0,0,0,48,12.0,0,"AP: 2nd Tm, PFF: 2nd Tm"
OLB,Clay Matthews,NFC,GNB,25,2,15,15,0,0,0,0,0,0,0,0,0,0,0,41,6.0,3,PFF: 2nd Tm
OLB,Lance Briggs,NFC,CHI,31,8,16,16,0,0,0,0,0,0,0,0,0,0,0,86,0.0,1,
OLB,Chad Greenway,NFC,MIN,28,4,16,16,0,0,0,0,0,0,0,0,0,0,0,89,2.0,0,
OLB,James Harrison,AFC,PIT,33,9,11,11,0,0,0,0,0,0,0,0,0,0,0,48,9.0,0,
ILB,Patrick Willis,NFC,SFO,26,4,13,13,0,0,0,0,0,0,0,0,0,0,0,74,2.0,1,"AP: 1st Tm, FW: 1st Tm, PFF: 1st Tm, SN: 1st Tm"
ILB,Derrick Johnson,AFC,KAN,29,6,16,16,0,0,0,0,0,0,0,0,0,0,0,104,2.0,2,"AP: 1st Tm, PFF: 2nd Tm"
ILB,Ray Lewis,AFC,BAL,36,15,12,12,0,0,0,0,0,0,0,0,0,0,0,72,2.0,1,PFF: 1st Tm
ILB,London Fletcher,NFC,WAS,36,13,16,16,0,0,0,0,0,0,0,0,0,0,0,96,1.5,2,AP: 2nd Tm
ILB,Brian Urlacher,NFC,CHI,33,11,16,16,0,0,0,0,0,0,0,0,0,0,0,84,0.0,3,
CB,Darrelle Revis,AFC,NYJ,26,4,16,16,0,0,0,0,0,0,0,0,0,0,0,41,0.0,4,"AP: 1st Tm, FW: 1st Tm, PFF: 1st Tm, SN: 1st Tm"
CB,Johnathan Joseph,AFC,HOU,27,5,15,15,0,0,0,0,0,0,0,0,0,0,0,40,0.0,4,"FW: 1st Tm, PFF: 1st Tm, AP: 2nd Tm"
CB,Charles Woodson,NFC,GNB,35,13,15,15,0,0,0,0,0,0,0,0,0,0,0,62,2.0,7,"AP: 1st Tm, SN: 1st Tm"
CB,Carlos Rogers,NFC,SFO,30,6,16,16,0,0,0,0,0,0,0,0,0,0,0,40,0.0,6,"AP: 2nd Tm, PFF: 2nd Tm"
CB,Charles Tillman,NFC,CHI,30,8,16,16,0,0,0,0,0,0,0,0,0,0,0,82,1.0,3,
CB,Champ Bailey,AFC,DEN,33,12,13,13,0,0,0,0,0,0,0,0,0,0,0,35,0.0,2,
CB,Brandon Browner,NFC,SEA,27,Rook,16,16,0,0,0,0,0,0,0,0,0,0,0,51,0.0,6,
SS,Troy Polamalu,AFC,PIT,30,8,16,16,0,0,0,0,0,0,0,0,0,0,0,64,1.0,2,"AP: 1st Tm, FW: 1st Tm, PFF: 1st Tm, SN: 1st Tm"
SS,Adrian Wilson,NFC,ARI,32,10,16,16,0,0,0,0,0,0,0,0,0,0,0,48,0.0,1,PFF: 2nd Tm
SS,Brian Dawkins,AFC,DEN,38,15,14,12,0,0,0,0,0,0,0,0,0,0,0,38,3.0,0,
FS,Eric Weddle,AFC,SDG,26,4,16,16,0,0,0,0,0,1,10,0,0,0,0,70,0.0,7,"AP: 1st Tm, FW: 1st Tm, PFF: 1st Tm, SN: 1st Tm"
FS,Ed Reed,AFC,BAL,33,9,16,16,0,0,0,0,0,0,0,0,0,0,0,44,1.0,3,AP: 2nd Tm
FS,Earl Thomas,NFC,SEA,22,1,16,16,0,0,0,0,0,0,0,0,0,0,0,69,0.0,2,AP: 2nd Tm
FS,Ryan Clark,AFC,PIT,32,9,16,16,0,0,0,0,0,0,0,0,0,0,0,71,1.0,1,
FS,Kam Chancellor,NFC,SEA,23,1,15,15,0,0,0,0,0,0,0,0,0,0,0,73,1.0,4,
FS,Dashon Goldson,NFC,SFO,27,4,14,14,0,0,0,0,0,0,0,0,0,0,0,55,0.0,6,
LS,Jon Condo,AFC,OAK,30,6,16,0,0,0,0,0,0,0,0,0,0,0,0,0,0.0,0,
LS,Brian Jennings,NFC,SFO,35,11,16,0,0,0,0,0,0,0,0,0,0,0,0,0,0.0,0,
K,David Akers,NFC,SFO,37,13,16,0,1,1,14,1,0,0,0,0,0,0,0,2,0.0,0,"AP: 1st Tm, FW: 1st Tm, PFF: 1st Tm"
K,Sebastian Janikowski,AFC,OAK,33,11,15,0,0,0,0,0,0,0,0,0,0,0,0,0,0.0,0,"SN: 1st Tm, AP: 2nd Tm, PFF: 2nd Tm"
P,Andy Lee,NFC,SFO,29,7,16,0,0,0,0,0,0,1,-18,0,0,0,0,0,0.0,0,"AP: 1st Tm, FW: 1st Tm, PFF: 1st Tm, SN: 1st Tm"
P,Shane Lechler,AFC,OAK,35,11,16,0,1,3,35,1,0,0,0,0,0,0,0,1,0.0,0,"AP: 2nd Tm, PFF: 2nd Tm"
KR,Patrick Peterson,NFC,ARI,21,Rook,16,16,0,0,0,0,0,1,0,0,1,-1,0,59,1.0,2,"AP: 1st Tm, FW: 1st Tm, PFF: 1st Tm, SN: 1st Tm"
KR,Antonio Brown,AFC,PIT,23,1,16,3,0,0,0,0,0,7,41,0,69,1108,2,3,0.0,0,
ST,Matthew Slater,AFC,NWE,26,3,16,3,0,0,0,0,0,0,0,0,1,46,0,8,0.0,0,FW: 1st Tm
ST,Corey Graham,NFC,CHI,26,4,16,0,0,0,0,0,0,0,0,0,0,0,0,13,0.0,3,PFF: 2nd Tm
ST,Montell Owens,AFC,JAX,27,5,13,0,0,0,0,0,0,10,39,0,2,2,0,7,0.0,0,
QB,Peyton Manning,AFC,DEN,36,14,16,16,400,583,4659,37,11,23,6,0,0,0,0,0,0.0,0,"AP: 1st Tm, FW: 1st Tm, PFF: 1st Tm"
QB,Tom Brady,AFC,NWE,35,12,16,16,401,637,4827,34,8,23,32,4,0,0,0,2,0.0,0,SN: 1st Tm
QB,Aaron Rodgers,NFC,GNB,29,7,16,16,371,552,4295,39,8,54,259,2,1,-1,0,0,0.0,0,"AP: 2nd Tm, PFF: 2nd Tm"
QB,Matt Ryan,NFC,ATL,27,4,16,16,422,615,4719,32,14,34,141,1,0,0,0,0,0.0,0,
QB,Andrew Luck,AFC,IND,23,Rook,16,16,339,627,4374,23,18,62,255,5,0,0,0,0,0.0,0,
QB,Matt Schaub,AFC,HOU,31,8,16,16,350,544,4008,22,12,21,-9,0,1,-6,0,0,0.0,0,
QB,Drew Brees,NFC,NOR,33,11,16,16,422,670,5177,43,19,15,5,1,0,0,0,1,0.0,0,
QB,Eli Manning,NFC,NYG,31,8,16,16,321,536,3948,26,15,20,30,0,0,0,0,0,0.0,0,
QB,Russell Wilson,NFC,SEA,24,Rook,16,16,252,393,3118,26,10,94,489,4,0,0,0,0,0.0,0,
QB,Robert Griffin,NFC,WAS,22,Rook,15,15,258,393,3200,20,5,120,815,7,0,0,0,0,0.0,0,
RB,Adrian Peterson,NFC,MIN,27,5,16,16,0,0,0,0,0,348,2097,12,40,217,1,2,0.0,0,"AP: 1st Tm, FW: 1st Tm, PFF: 1st Tm, SN: 1st Tm"
RB,Marshawn Lynch,NFC,SEA,26,5,16,15,0,0,0,0,0,315,1590,11,23,196,1,3,0.0,0,"AP: 1st Tm, FW: 1st Tm"
RB,Arian Foster,AFC,HOU,26,3,16,16,0,0,0,0,0,351,1424,15,40,217,2,0,0.0,0,SN: 1st Tm
RB,C.J. Spiller,AFC,BUF,25,2,16,9,0,0,0,0,0,207,1244,6,43,459,2,0,0.0,0,PFF: 2nd Tm
RB,Jamaal Charles,AFC,KAN,26,4,16,15,0,0,0,0,0,285,1509,5,35,236,1,0,0.0,0,AP: 2nd Tm
RB,Ray Rice,AFC,BAL,25,4,16,16,0,0,0,0,0,257,1143,9,61,478,1,0,0.0,0,
RB,Frank Gore,NFC,SFO,29,7,16,16,0,0,0,0,0,258,1214,8,28,234,1,0,0.0,0,
RB,Doug Martin,NFC,TAM,23,Rook,16,16,0,0,0,0,0,319,1454,11,49,472,1,0,0.0,0,
FB,Vonta Leach,AFC,BAL,31,8,16,13,0,0,0,0,0,9,32,1,21,143,0,0,0.0,0,"AP: 1st Tm, PFF: 1st Tm"
FB,Jerome Felton,NFC,MIN,26,4,16,7,0,0,0,0,0,0,0,0,3,35,0,0,0.0,0,AP: 2nd Tm
FB,Marcel Reece,AFC,OAK,27,4,16,14,0,0,0,0,0,59,271,0,52,496,1,0,0.0,0,PFF: 2nd Tm
WR,Calvin Johnson,NFC,DET,27,5,16,16,0,0,0,0,0,0,0,0,122,1964,5,2,0.0,0,"AP: 1st Tm, FW: 1st Tm, PFF: 1st Tm, SN: 1st Tm"
WR,Brandon Marshall,NFC,CHI,28,6,16,16,0,0,0,0,0,1,-2,0,118,1508,11,4,0.0,0,"AP: 1st Tm, FW: 1st Tm, SN: 1st Tm, PFF: 2nd Tm"
WR,Andre Johnson,AFC,HOU,31,9,16,16,0,0,0,0,0,0,0,0,112,1598,4,2,0.0,0,"AP: 2nd Tm, PFF: 1st Tm"
WR,Reggie Wayne,AFC,IND,34,11,16,15,0,0,0,0,0,1,-5,0,106,1355,5,6,0.0,0,PFF: 1st Tm
WR,A.J. Green,AFC,CIN,24,1,16,16,0,0,0,0,0,4,38,0,97,1350,11,2,0.0,0,"AP: 2nd Tm, PFF: 2nd Tm"
WR,Vincent Jackson,NFC,TAM,29,7,16,16,0,0,0,0,0,0,0,0,72,1384,8,3,0.0,0,PFF: 2nd Tm
WR,Julio Jones,NFC,ATL,23,1,16,15,0,0,0,0,0,6,30,0,79,1198,10,1,0.0,0,
WR,Larry Fitzgerald,NFC,ARI,29,8,16,16,0,0,0,0,0,0,0,0,71,798,4,2,0.0,0,
WR,Demaryius Thomas,AFC,DEN,25,2,16,16,0,0,0,0,0,0,0,0,94,1434,10,0,0.0,0,
WR,Wes Welker,AFC,NWE,31,8,16,12,0,0,0,0,0,2,20,0,118,1354,6,2,0.0,0,
WR,Victor Cruz,NFC,NYG,26,2,16,16,0,0,0,0,0,0,0,0,86,1092,10,2,0.0,0,
TE,Rob Gronkowski,AFC,NWE,23,2,11,11,0,0,0,0,0,0,0,0,55,790,11,0,0.0,0,"FW: 1st Tm, PFF: 1st Tm"
TE,Jason Witten,NFC,DAL,30,9,16,16,0,0,0,0,0,0,0,0,110,1039,3,0,0.0,0,"AP: 2nd Tm, PFF: 2nd Tm, SN: 1st Tm"
TE,Tony Gonzalez,NFC,ATL,36,15,16,16,0,0,0,0,0,0,0,0,93,930,8,3,0.0,0,AP: 1st Tm
TE,Jermaine Gresham,AFC,CIN,24,2,16,15,0,0,0,0,0,0,0,0,64,737,5,0,0.0,0,
TE,Owen Daniels,AFC,HOU,30,6,15,14,0,0,0,0,0,0,0,0,62,716,6,4,0.0,0,
TE,Kyle Rudolph,NFC,MIN,23,1,16,16,0,0,0,0,0,0,0,0,53,493,9,2,0.0,0,
TE,Heath Miller,AFC,PIT,30,7,15,15,0,0,0,0,0,0,0,0,71,816,8,3,0.0,0,
T,Ryan Clady,AFC,DEN,26,4,16,16,0,0,0,0,0,0,0,0,0,0,0,0,0.0,0,"AP: 1st Tm, FW: 1st Tm, SN: 1st Tm"
T,Duane Brown,AFC,HOU,27,4,16,16,0,0,0,0,0,0,0,0,0,0,0,0,0.0,0,"AP: 1st Tm, FW: 1st Tm, PFF: 1st Tm"
T,Joe Thomas,AFC,CLE,28,5,16,16,0,0,0,0,0,0,0,0,0,0,0,0,0.0,0,"AP: 2nd Tm, SN: 1st Tm"
T,Joe Staley,NFC,SFO,28,5,16,16,0,0,0,0,0,0,0,0,0,0,0,0,0.0,0,"AP: 2nd Tm, PFF: 2nd Tm"
T,Andrew Whitworth,AFC,CIN,31,6,16,16,0,0,0,0,0,0,0,0,0,0,0,0,0.0,0,
T,Matt Kalil,NFC,MIN,23,Rook,16,16,0,0,0,0,0,0,0,0,0,0,0,0,0.0,0,
T,Jermon Bushrod,NFC,NOR,28,5,16,16,0,0,0,0,0,0,0,0,0,0,0,0,0.0,0,
T,Russell Okung,NFC,SEA,25,2,15,15,0,0,0,0,0,0,0,0,0,0,0,0,0.0,0,
T,Trent Williams,NFC,WAS,24,2,16,16,0,0,0,0,0,0,0,0,0,0,0,0,0.0,0,
G,Mike Iupati,NFC,SFO,25,2,16,16,0,0,0,0,0,0,0,0,0,0,0,0,0.0,0,"AP: 1st Tm, FW: 1st Tm, SN: 1st Tm, PFF: 2nd Tm"
G,Marshal Yanda,AFC,BAL,28,5,14,14,0,0,0,0,0,0,0,0,0,0,0,0,0.0,0,"AP: 2nd Tm, FW: 1st Tm, PFF: 1st Tm"
G,Jahri Evans,NFC,NOR,29,6,16,16,0,0,0,0,0,0,0,0,0,0,0,0,0.0,0,"AP: 1st Tm, SN: 1st Tm"
G,Logan Mankins,AFC,NWE,30,7,10,10,0,0,0,0,0,0,0,0,0,0,0,0,0.0,0,AP: 2nd Tm
G,Zane Beadles,AFC,DEN,26,2,16,16,0,0,0,0,0,0,0,0,0,0,0,0,0.0,0,
G,Josh Sitton,NFC,GNB,26,4,16,16,0,0,0,0,0,0,0,0,0,0,0,0,0.0,0,
G,Wade Smith,AFC,HOU,31,9,16,16,0,0,0,0,0,0,0,0,0,0,0,0,0.0,0,
G,Richie Incognito,AFC,MIA,29,6,16,16,0,0,0,0,0,0,0,0,0,0,0,0,0.0,0,
G,Chris Snee,NFC,NYG,30,8,16,16,0,0,0,0,0,0,0,0,0,0,0,0,0.0,0,
C,Maurkice Pouncey,AFC,PIT,23,2,15,15,0,0,0,0,0,0,0,0,0,0,0,0,0.0,0,"AP: 2nd Tm, SN: 1st Tm"
C,Max Unger,NFC,SEA,26,3,16,16,0,0,0,0,0,0,0,0,0,0,0,0,0.0,0,"AP: 1st Tm, PFF: 2nd Tm"
C,Jeff Saturday,NFC,GNB,37,13,14,14,0,0,0,0,0,0,0,0,0,0,0,0,0.0,0,
C,Chris Myers,AFC,HOU,31,7,16,16,0,0,0,0,0,0,0,0,0,0,0,0,0.0,0,
DE,J.J. Watt,AFC,HOU,23,1,16,16,0,0,0,0,0,0,0,0,0,0,0,69,20.5,0,"AP: 1st Tm, FW: 1st Tm, PFF: 1st Tm, SN: 1st Tm"
DE,Cameron Wake,AFC,MIA,30,3,16,16,0,0,0,0,0,0,0,0,0,0,0,38,15.0,0,"AP: 1st Tm, FW: 1st Tm, PFF: 1st Tm, SN: 1st Tm"
DE,Julius Peppers,NFC,CHI,32,10,16,16,0,0,0,0,0,0,0,0,0,0,0,32,11.5,0,AP: 2nd Tm
DE,Elvis Dumervil,AFC,DEN,28,6,16,16,0,0,0,0,0,0,0,0,0,0,0,32,11.0,0,
DE,Jared Allen,NFC,MIN,30,8,16,16,0,0,0,0,0,0,0,0,0,0,0,35,12.0,0,
DE,Jason Pierre-Paul,NFC,NYG,23,2,16,15,0,0,0,0,0,0,0,0,0,0,0,43,6.5,1,
DT,Geno Atkins,AFC,CIN,24,2,16,16,0,0,0,0,0,0,0,0,0,0,0,39,12.5,0,"AP: 1st Tm, FW: 1st Tm, PFF: 1st Tm, SN: 1st Tm"
DT,Vince Wilfork,AFC,NWE,31,8,16,16,0,0,0,0,0,0,0,0,0,0,0,29,3.0,0,"AP: 1st Tm, FW: 1st Tm"
DT,Justin Smith,NFC,SFO,33,11,14,14,0,0,0,0,0,0,0,0,0,0,0,47,3.0,0,"AP: 2nd Tm, SN: 1st Tm"
DT,Ndamukong Suh,NFC,DET,25,2,16,16,0,0,0,0,0,0,0,0,0,0,0,25,8.0,0,AP: 2nd Tm
DT,Haloti Ngata,AFC,BAL,28,6,14,14,0,0,0,0,0,0,0,0,0,0,0,33,5.0,0,AP: 2nd Tm
DT,Gerald McCoy,NFC,TAM,24,2,16,16,0,0,0,0,0,0,0,0,0,0,0,23,5.0,0,PFF: 2nd Tm
DT,Kyle Williams,AFC,BUF,29,6,16,16,0,0,0,0,0,0,0,0,0,0,0,27,5.0,0,
DT,Henry Melton,NFC,CHI,26,3,14,14,0,0,0,0,0,0,0,0,0,0,0,31,6.0,0,
DT,Randy Starks,AFC,MIA,29,8,16,16,0,0,0,0,0,0,0,0,0,0,0,18,4.5,1,
OLB,Von Miller,AFC,DEN,23,1,16,16,0,0,0,0,0,0,0,0,0,0,0,55,18.5,1,"AP: 1st Tm, FW: 1st Tm, PFF: 1st Tm, SN: 1st Tm"
OLB,Aldon Smith,NFC,SFO,23,1,16,16,0,0,0,0,0,0,0,0,0,0,0,50,19.5,1,"AP: 1st Tm, FW: 1st Tm, SN: 1st Tm, PFF: 2nd Tm"
OLB,DeMarcus Ware,NFC,DAL,30,7,16,16,0,0,0,0,0,0,0,0,0,0,0,33,11.5,0,"AP: 2nd Tm, SN: 1st Tm"
OLB,Clay Matthews,NFC,GNB,26,3,12,12,0,0,0,0,0,0,0,0,0,0,0,32,13.0,0,"AP: 2nd Tm, PFF: 2nd Tm"
OLB,Chad Greenway,NFC,MIN,29,5,16,16,0,0,0,0,0,0,0,0,0,0,0,98,3.0,1,AP: 2nd Tm
OLB,Robert Mathis,AFC,IND,31,9,12,12,0,0,0,0,0,0,0,0,0,0,0,22,8.0,1,
OLB,Anthony Spencer,NFC,DAL,28,5,14,14,0,0,0,0,0,0,0,0,0,0,0,55,11.0,0,
OLB,Tamba Hali,AFC,KAN,29,6,15,15,0,0,0,0,0,0,0,0,0,0,0,43,9.0,0,
OLB,Justin Houston,AFC,KAN,23,1,16,16,0,0,0,0,0,0,0,0,0,0,0,53,10.0,1,
OLB,Ryan Kerrigan,NFC,WAS,24,1,16,16,0,0,0,0,0,0,0,0,0,0,0,42,8.5,1,
ILB,Patrick Willis,NFC,SFO,27,5,16,16,0,0,0,0,0,0,0,0,0,0,0,88,0.5,2,"AP: 1st Tm, FW: 1st Tm, PFF: 1st Tm"
ILB,Derrick Johnson,AFC,KAN,30,7,16,16,0,0,0,0,0,0,0,0,0,0,0,110,2.0,0,PFF: 1st Tm
ILB,Jerod Mayo,AFC,NWE,26,4,16,16,0,0,0,0,0,0,0,0,0,0,0,87,3.0,1,PFF: 1st Tm
ILB,NaVorro Bowman,NFC,SFO,24,2,16,16,0,0,0,0,0,0,0,0,0,0,0,96,2.0,1,AP: 1st Tm
ILB,Daryl Washington,NFC,ARI,26,2,16,16,0,0,0,0,0,0,0,0,0,0,0,108,9.0,1,"AP: 2nd Tm, PFF: 2nd Tm"
ILB,London Fletcher,NFC,WAS,37,14,16,16,0,0,0,0,0,0,0,0,0,0,0,78,3.0,5,AP: 2nd Tm
CB,Charles Tillman,NFC,CHI,31,9,16,16,0,0,0,0,0,0,0,0,0,0,0,74,0.0,3,"AP: 1st Tm, FW: 1st Tm, PFF: 1st Tm, SN: 1st Tm"
CB,Champ Bailey,AFC,DEN,34,13,16,15,0,0,0,0,0,0,0,0,0,0,0,61,0.0,2,"AP: 2nd Tm, PFF: 2nd Tm"
CB,Tim Jennings,NFC,CHI,29,6,14,14,0,0,0,0,0,0,0,0,0,0,0,55,0.0,9,AP: 2nd Tm
CB,Antonio Cromartie,AFC,NYJ,28,6,16,16,0,0,0,0,0,0,0,0,1,-2,0,30,0.0,3,PFF: 2nd Tm
CB,Patrick Peterson,NFC,ARI,22,1,16,16,0,0,0,0,0,2,13,0,3,11,0,52,0.0,7,
CB,Johnathan Joseph,AFC,HOU,28,6,14,14,0,0,0,0,0,0,0,0,0,0,0,52,0.0,2,
SS,William Moore,NFC,ATL,27,3,12,12,0,0,0,0,0,0,0,0,0,0,0,60,1.0,4,
SS,Eric Berry,AFC,KAN,24,2,16,16,0,0,0,0,0,0,0,0,0,0,0,73,0.0,1,
SS,LaRon Landry,AFC,NYJ,28,5,16,15,0,0,0,0,0,0,0,0,0,0,0,76,0.0,2,
SS,Donte Whitner,NFC,SFO,27,6,16,16,0,0,0,0,0,0,0,0,0,0,0,62,0.0,1,
FS,Earl Thomas,NFC,SEA,23,2,16,16,0,0,0,0,0,0,0,0,0,0,0,42,0.0,3,"AP: 1st Tm, FW: 1st Tm, SN: 1st Tm"
FS,Jairus Byrd,AFC,BUF,26,3,16,16,0,0,0,0,0,0,0,0,0,0,0,53,0.0,5,"AP: 2nd Tm, PFF: 1st Tm, SN: 1st Tm"
FS,Dashon Goldson,NFC,SFO,28,5,16,16,0,0,0,0,0,1,31,0,0,0,0,55,0.0,3,AP: 1st Tm
FS,Thomas DeCoud,NFC,ATL,27,4,16,16,0,0,0,0,0,0,0,0,0,0,0,62,1.0,6,
FS,Ed Reed,AFC,BAL,34,10,16,16,0,0,0,0,0,0,0,0,0,0,0,49,0.0,4,
LS,Don Muhlbach,NFC,DET,31,8,16,0,0,0,0,0,0,0,0,0,0,0,0,0,0.0,0,
LS,John Denney,AFC,MIA,34,7,16,0,0,0,0,0,0,0,0,0,0,0,0,0,0.0,0,
K,Blair Walsh,NFC,MIN,22,Rook,16,0,0,0,0,0,0,0,0,0,0,0,0,0,0.0,0,"AP: 1st Tm, FW: 1st Tm, PFF: 1st Tm"
K,Phil Dawson,AFC,CLE,37,13,16,0,0,0,0,0,0,0,0,0,0,0,0,0,0.0,0,"SN: 1st Tm, AP: 2nd Tm, PFF: 2nd Tm"
P,Thomas Morstead,NFC,NOR,26,3,16,0,0,0,0,0,0,0,0,0,0,0,0,0,0.0,0,"AP: 2nd Tm, PFF: 1st Tm, SN: 1st Tm"
P,Dustin Colquitt,AFC,KAN,30,7,16,0,0,0,0,0,0,0,0,0,0,0,0,0,0.0,0,PFF: 2nd Tm
KR,Jacoby Jones,AFC,BAL,28,5,16,3,0,0,0,0,0,1,6,0,30,406,1,1,0.0,0,"AP: 1st Tm, FW: 1st Tm, PFF: 1st Tm, SN: 1st Tm"
KR,Josh Cribbs,AFC,CLE,29,7,16,2,0,0,0,0,0,6,42,0,7,63,0,8,0.0,0,
KR,Leon Washington,NFC,SEA,30,6,16,0,0,0,0,0,0,23,83,1,4,31,0,0,0.0,0,
ST,Matthew Slater,AFC,NWE,27,4,16,0,0,0,0,0,0,0,0,0,0,0,0,1,0.0,0,FW: 1st Tm
ST,Lorenzo Alexander,NFC,WAS,29,5,16,0,0,0,0,0,0,0,0,0,0,0,0,34,2.5,0,
QB,Peyton Manning,,DEN,37,15,16,16,450,659,5477,55,10,32,-31,1,0,0,0,2,0.0,0,"AP: 1st Tm, FW: 1st Tm, PFF: 1st Tm, SN: 1st Tm"
QB,Philip Rivers,Rice,SDG,32,9,16,16,378,544,4478,32,11,28,72,0,0,-9,0,2,0.0,0,PFF: 2nd Tm
QB,Cam Newton,Sanders,CAR,24,2,16,16,292,473,3379,24,13,111,585,6,0,0,0,2,0.0,0,
QB,Andrew Luck,Sanders,IND,24,1,16,16,343,570,3822,23,9,63,377,4,0,0,0,3,0.0,0,
QB,Alex Smith,Rice,KAN,29,8,15,15,308,508,3313,23,7,76,431,1,1,-4,0,1,0.0,0,
QB,Drew Brees,Rice,NOR,34,12,16,16,446,650,5162,39,12,35,52,3,0,0,0,0,0.0,0,
QB,Tom Brady,,NWE,36,13,16,16,380,628,4343,25,11,32,18,0,0,0,0,0,0.0,0,
QB,Nick Foles,Sanders,PHI,24,1,13,10,203,317,2891,27,2,57,221,3,0,0,0,1,0.0,0,
QB,Russell Wilson,,SEA,25,1,16,16,257,407,3357,26,9,96,539,1,0,0,0,3,0.0,0,
RB,LeSean McCoy,Rice,PHI,25,4,16,16,0,0,0,0,0,314,1607,9,52,539,2,1,0.0,0,"AP: 1st Tm, FW: 1st Tm, PFF: 1st Tm, SN: 1st Tm"
RB,Jamaal Charles,Sanders,KAN,27,5,15,15,0,0,0,0,0,259,1287,12,70,693,7,4,0.0,0,"AP: 1st Tm, FW: 1st Tm, PFF: 2nd Tm, SN: 1st Tm"
RB,Eddie Lacy,Sanders,GNB,23,Rook,15,15,0,0,0,0,0,284,1178,11,35,257,0,2,0.0,0,AP: 2nd Tm
RB,Adrian Peterson,,MIN,28,6,14,14,0,0,0,0,0,279,1266,10,29,171,1,2,0.0,0,AP: 2nd Tm
RB,Matt Forte,Rice,CHI,28,5,16,16,0,0,0,0,0,289,1339,9,74,594,3,4,0.0,0,
RB,DeMarco Murray,Rice,DAL,25,2,14,14,0,0,0,0,0,217,1121,9,53,350,1,1,0.0,0,
RB,Marshawn Lynch,,SEA,27,6,16,16,0,0,0,0,0,301,1257,12,36,316,2,3,0.0,0,
RB,Frank Gore,,SFO,30,8,16,16,0,0,0,0,0,276,1128,9,16,141,0,0,0.0,0,
RB,Alfred Morris,Sanders,WAS,25,1,16,16,0,0,0,0,0,276,1275,7,9,78,0,1,0.0,0,
FB,Mike Tolbert,Rice,CAR,28,5,16,13,0,0,0,0,0,101,361,5,27,184,2,3,0.0,0,"AP: 1st Tm, PFF: 2nd Tm"
FB,Marcel Reece,Sanders,OAK,28,5,16,15,1,1,22,0,0,46,218,2,32,331,2,1,0.0,0,AP: 2nd Tm
WR,Calvin Johnson,,DET,28,6,14,14,0,0,0,0,0,0,0,0,84,1492,12,1,0.0,0,"AP: 1st Tm, FW: 1st Tm, PFF: 2nd Tm, SN: 1st Tm"
WR,Josh Gordon,Rice,CLE,22,1,14,14,0,0,0,0,0,5,88,0,87,1646,9,1,0.0,0,"AP: 1st Tm, FW: 1st Tm, SN: 1st Tm"
WR,Antonio Brown,Sanders,PIT,25,3,16,14,1,1,15,0,0,7,4,0,110,1499,8,2,0.0,0,"AP: 2nd Tm, PFF: 1st Tm"
WR,Brandon Marshall,Rice,CHI,29,7,16,16,0,0,0,0,0,0,0,0,100,1295,12,0,0.0,0,PFF: 1st Tm
WR,A.J. Green,Sanders,CIN,25,2,16,16,0,0,0,0,0,0,0,0,98,1426,11,3,0.0,0,AP: 2nd Tm
WR,Demaryius Thomas,,DEN,26,3,16,16,0,0,0,0,0,0,0,0,92,1430,14,2,0.0,0,AP: 2nd Tm
WR,Andre Johnson,,HOU,32,10,16,16,0,0,0,0,0,0,0,0,109,1407,5,6,0.0,0,PFF: 2nd Tm
WR,Alshon Jeffery,Rice,CHI,23,1,16,14,0,0,0,0,0,16,105,0,89,1421,7,4,0.0,0,
WR,Larry Fitzgerald,Rice,ARI,30,9,16,16,0,1,0,0,0,2,8,0,82,954,10,4,0.0,0,
WR,Dez Bryant,Sanders,DAL,25,3,16,16,0,0,0,0,0,1,1,0,93,1233,13,1,0.0,0,
WR,DeSean Jackson,Sanders,PHI,27,5,16,16,0,0,0,0,0,3,2,0,82,1332,9,1,0.0,0,
TE,Jimmy Graham,Rice,NOR,27,3,16,12,0,0,0,0,0,0,0,0,86,1215,16,3,0.0,0,"AP: 1st Tm, FW: 1st Tm, PFF: 1st Tm, SN: 1st Tm"
TE,Vernon Davis,,SFO,29,7,15,15,0,0,0,0,0,0,0,0,52,850,13,0,0.0,0,"AP: 2nd Tm, PFF: 2nd Tm"
TE,Tony Gonzalez,Rice,ATL,37,16,16,16,0,0,0,0,0,0,0,0,83,859,8,1,0.0,0,
TE,Jordan Cameron,Sanders,CLE,25,2,15,14,0,0,0,0,0,0,0,0,80,917,7,1,0.0,0,
TE,Jason Witten,Sanders,DAL,31,10,16,16,0,0,0,0,0,0,0,0,73,851,8,2,0.0,0,
TE,Julius Thomas,,DEN,25,2,14,14,0,0,0,0,0,0,0,0,65,788,12,2,0.0,0,
T,Joe Thomas,Rice,CLE,29,6,16,16,0,0,0,0,0,0,0,0,0,0,0,1,0.0,0,"AP: 1st Tm, FW: 1st Tm, PFF: 1st Tm, SN: 1st Tm"
T,Tyron Smith,Rice,DAL,23,2,16,16,0,0,0,0,0,0,0,0,0,0,0,1,0.0,0,"AP: 2nd Tm, SN: 1st Tm"
T,Joe Staley,,SFO,29,6,16,16,0,0,0,0,0,0,0,0,1,14,0,1,0.0,0,"FW: 1st Tm, AP: 2nd Tm"
T,Jason Peters,,PHI,31,9,16,16,0,0,0,0,0,0,0,0,0,0,0,3,0.0,0,AP: 1st Tm
T,Trent Williams,Sanders,WAS,25,3,16,16,0,0,0,0,0,0,0,0,0,0,0,4,0.0,0,PFF: 2nd Tm
T,Jordan Gross,Rice,CAR,33,10,16,16,0,0,0,0,0,0,0,0,0,0,0,2,0.0,0,
T,Duane Brown,Sanders,HOU,28,5,14,14,0,0,0,0,0,0,0,0,0,0,0,2,0.0,0,
T,Branden Albert,Sanders,KAN,29,5,12,12,0,0,0,0,0,0,0,0,0,0,0,0,0.0,0,
G,Louis Vasquez,,DEN,26,4,16,16,0,0,0,0,0,0,0,0,0,0,0,0,0.0,0,"AP: 1st Tm, FW: 1st Tm, PFF: 1st Tm"
G,Evan Mathis,Rice,PHI,32,8,16,16,0,0,0,0,0,0,0,0,0,0,0,0,0.0,0,"AP: 1st Tm, FW: 1st Tm, PFF: 1st Tm"
G,Logan Mankins,Sanders,NWE,31,8,16,16,0,0,0,0,0,0,0,0,0,0,0,1,0.0,0,"AP: 2nd Tm, SN: 1st Tm"
G,Marshal Yanda,Sanders,BAL,29,6,16,16,0,0,0,0,0,0,0,0,0,0,0,1,0.0,0,SN: 1st Tm
G,Jahri Evans,Rice,NOR,30,7,14,14,0,0,0,0,0,0,0,0,0,0,0,1,0.0,0,AP: 2nd Tm
G,Kyle Long,Sanders,CHI,25,Rook,16,16,0,0,0,0,0,0,0,0,1,-1,0,0,0.0,0,
G,Ben Grubbs,Rice,NOR,29,6,16,16,0,0,0,0,0,0,0,0,0,0,0,1,0.0,0,
G,Mike Iupati,,SFO,26,3,12,12,0,0,0,0,0,0,0,0,0,0,0,2,0.0,0,
C,Ryan Kalil,Rice,CAR,28,6,16,16,0,0,0,0,0,0,0,0,0,0,0,2,0.0,0,"AP: 1st Tm, FW: 1st Tm"
C,Alex Mack,Sanders,CLE,28,4,16,16,0,0,0,0,0,0,0,0,0,0,0,1,0.0,0,"AP: 2nd Tm, PFF: 2nd Tm, SN: 1st Tm"
C,Mike Pouncey,Sanders,MIA,24,2,14,14,0,0,0,0,0,0,0,0,0,0,0,1,0.0,0,
C,Nick Mangold,Rice,NYJ,29,7,16,16,0,0,0,0,0,0,0,0,0,0,0,2,0.0,0,
C,Max Unger,,SEA,27,4,13,13,0,0,0,0,0,0,0,0,0,0,0,1,0.0,0,
DE,J.J. Watt,Sanders,HOU,24,2,16,16,0,0,0,0,0,0,0,0,0,0,0,65,10.5,0,"AP: 1st Tm, FW: 1st Tm, PFF: 1st Tm, SN: 1st Tm"
DE,Robert Quinn,Rice,STL,23,2,16,16,0,0,0,0,0,0,0,0,0,0,0,50,19.0,0,"AP: 1st Tm, FW: 1st Tm, PFF: 1st Tm, SN: 1st Tm"
DE,Greg Hardy,Sanders,CAR,25,3,16,13,0,0,0,0,0,0,0,0,0,0,0,40,15.0,0,"AP: 2nd Tm, PFF: 2nd Tm"
DE,Mario Williams,Sanders,BUF,28,7,16,16,0,0,0,0,0,0,0,0,0,0,0,28,13.0,0,AP: 2nd Tm
DE,Cameron Wake,Rice,MIA,31,4,15,15,0,0,0,0,0,0,0,0,0,0,0,29,8.5,0,
DE,Cameron Jordan,Rice,NOR,24,2,16,16,0,0,0,0,0,0,0,0,0,0,0,29,12.5,0,
DT,Gerald McCoy,Sanders,TAM,25,3,16,16,0,0,0,0,0,0,0,0,0,0,0,35,9.5,0,"AP: 1st Tm, FW: 1st Tm, PFF: 1st Tm, SN: 1st Tm"
DT,Ndamukong Suh,Sanders,DET,26,3,16,16,0,0,0,0,0,0,0,0,0,0,0,36,5.5,0,"AP: 1st Tm, FW: 1st Tm, PFF: 2nd Tm"
DT,Marcell Dareus,Rice,BUF,23,2,16,14,0,0,0,0,0,0,0,0,0,0,0,46,7.5,0,PFF: 1st Tm
DT,Kyle Williams,Rice,BUF,30,7,16,16,0,0,0,0,0,0,0,0,0,0,0,42,10.5,0,SN: 1st Tm
DT,Dontari Poe,Sanders,KAN,23,1,15,15,0,0,0,0,0,0,0,0,0,0,0,43,4.5,0,"AP: 2nd Tm, PFF: 2nd Tm"
DT,Justin Smith,,SFO,34,12,16,16,0,0,0,0,0,0,0,0,0,0,0,32,6.5,0,AP: 2nd Tm
DT,Jason Hatcher,Rice,DAL,31,7,15,15,0,0,0,0,0,0,0,0,0,0,0,34,11.0,0,
DT,Haloti Ngata,,BAL,29,7,15,15,0,0,0,0,0,0,0,0,0,0,0,23,1.5,0,
OLB,Robert Mathis,Rice,IND,32,10,16,16,0,0,0,0,0,0,0,0,0,0,0,44,19.5,0,"AP: 1st Tm, FW: 1st Tm, PFF: 1st Tm, SN: 1st Tm"
OLB,Tamba Hali,Sanders,KAN,30,7,15,15,0,0,0,0,0,0,0,0,0,0,0,39,11.0,1,AP: 2nd Tm
OLB,Justin Houston,Rice,KAN,24,2,11,11,0,0,0,0,0,0,0,0,0,0,0,40,11.0,0,PFF: 2nd Tm
OLB,Ahmad Brooks,,SFO,29,7,16,16,0,0,0,0,0,0,0,0,0,0,0,52,8.5,1,AP: 2nd Tm
OLB,John Abraham,Rice,ARI,35,13,16,13,0,0,0,0,0,0,0,0,0,0,0,31,11.5,0,
OLB,Terrell Suggs,Sanders,BAL,31,10,16,16,0,0,0,0,0,0,0,0,0,0,0,47,10.0,0,
OLB,Brian Orakpo,Sanders,WAS,27,4,15,15,0,0,0,0,0,0,0,0,0,0,0,43,10.0,1,
ILB,Luke Kuechly,Sanders,CAR,22,1,16,16,0,0,0,0,0,0,0,0,0,0,0,96,2.0,4,"AP: 1st Tm, FW: 1st Tm, SN: 1st Tm"
ILB,NaVorro Bowman,,SFO,25,3,16,16,0,0,0,0,0,0,0,0,0,0,0,120,5.0,2,"AP: 1st Tm, PFF: 2nd Tm, SN: 1st Tm"
ILB,Patrick Willis,,SFO,28,6,14,14,0,0,0,0,0,0,0,0,0,0,0,82,3.0,0,PFF: 1st Tm
ILB,Vontaze Burfict,Rice,CIN,23,1,16,16,0,0,0,0,0,0,0,0,0,0,0,115,3.0,1,AP: 2nd Tm
ILB,Paul Posluszny,Sanders,JAX,29,6,15,15,0,0,0,0,0,0,0,0,0,0,0,122,3.0,2,
ILB,Derrick Johnson,Rice,KAN,31,8,15,15,0,0,0,0,0,0,0,0,0,0,0,95,4.5,2,
CB,Richard Sherman,,SEA,25,2,16,16,0,0,0,0,0,0,0,0,0,0,0,38,0.0,8,"AP: 1st Tm, FW: 1st Tm, PFF: 2nd Tm, SN: 1st Tm"
CB,Patrick Peterson,Sanders,ARI,23,2,16,16,1,1,17,0,0,4,21,0,6,54,0,40,0.0,3,"AP: 1st Tm, FW: 1st Tm, PFF: 2nd Tm"
CB,Joe Haden,Rice,CLE,24,3,15,15,0,0,0,0,0,0,0,0,0,0,0,43,0.0,4,"SN: 1st Tm, AP: 2nd Tm"
CB,Brent Grimes,Sanders,MIA,30,6,16,16,0,0,0,0,0,0,0,0,0,0,0,52,0.0,4,PFF: 1st Tm
CB,Darrelle Revis,Sanders,TAM,28,6,16,16,0,0,0,0,0,0,0,0,0,0,0,43,1.0,2,PFF: 1st Tm
CB,Aqib Talib,,NWE,27,5,13,13,0,0,0,0,0,0,0,0,0,0,0,38,0.0,4,AP: 2nd Tm
CB,Alterraun Verner,Rice,TEN,25,3,16,16,0,0,0,0,0,0,0,0,0,0,0,49,0.0,5,AP: 2nd Tm
CB,Tim Jennings,Sanders,CHI,30,7,16,16,0,0,0,0,0,0,0,0,0,0,0,49,0.0,4,
CB,Brandon Flowers,Rice,KAN,27,5,13,13,0,0,0,0,0,0,0,0,0,0,0,65,1.0,1,
CB,Antonio Cromartie,Rice,NYJ,29,7,16,16,0,0,0,0,0,0,0,0,0,0,0,35,0.0,3,
SS,Eric Berry,Sanders,KAN,25,3,15,15,0,0,0,0,0,0,0,0,0,0,0,73,3.5,3,"AP: 1st Tm, FW: 1st Tm, PFF: 1st Tm, SN: 1st Tm"
SS,T.J. Ward,Sanders,CLE,27,3,16,16,0,0,0,0,0,0,0,0,0,0,0,75,1.5,2,AP: 2nd Tm
SS,Antrel Rolle,Rice,NYG,31,8,16,16,0,0,0,0,0,0,0,0,0,0,0,80,2.0,6,AP: 2nd Tm
SS,Kam Chancellor,,SEA,25,3,16,16,0,0,0,0,0,0,0,0,0,0,0,80,0.0,3,AP: 2nd Tm
SS,Troy Polamalu,,PIT,32,10,16,16,0,0,0,0,0,0,0,0,0,0,0,50,2.0,2,
FS,Earl Thomas,,SEA,24,3,16,16,0,0,0,0,0,0,0,0,0,0,0,78,0.0,5,"AP: 1st Tm, FW: 1st Tm, PFF: 2nd Tm, SN: 1st Tm"
FS,Jairus Byrd,Rice,BUF,27,4,11,9,0,0,0,0,0,0,0,0,0,0,0,37,1.0,4,AP: 2nd Tm
FS,Eric Weddle,Sanders,SDG,28,6,16,16,0,0,0,0,0,2,4,0,0,0,0,88,1.0,2,AP: 2nd Tm
FS,Eric Reid,Rice,SFO,22,Rook,16,16,0,0,0,0,0,0,0,0,0,0,0,73,0.0,4,
LS,J.J. Jansen,Sanders,CAR,27,4,16,0,0,0,0,0,0,0,0,0,0,0,0,3,0.0,0,
LS,Matt Overton,Rice,IND,28,1,16,0,0,0,0,0,0,0,0,0,0,0,0,3,0.0,0,
K,Justin Tucker,Sanders,BAL,24,1,16,0,0,0,0,0,0,0,0,0,0,0,0,0,0.0,0,"AP: 1st Tm, FW: 1st Tm, PFF: 2nd Tm, SN: 1st Tm"
K,Matt Prater,,DEN,29,6,16,0,0,0,0,0,0,0,0,0,0,0,0,0,0.0,0,AP: 2nd Tm
K,Stephen Gostkowski,Rice,NWE,29,7,16,0,0,0,0,0,0,0,0,0,0,0,0,0,0.0,0,
P,Johnny Hekker,Rice,STL,23,1,16,0,0,1,0,0,0,0,0,0,0,0,0,1,0.0,0,"AP: 1st Tm, FW: 1st Tm, PFF: 1st Tm"
P,Brandon Fields,Sanders,MIA,29,6,16,0,0,0,0,0,0,1,0,0,0,0,0,2,0.0,0,"SN: 1st Tm, AP: 2nd Tm"
PR,Cordarrelle Patterson,Sanders,MIN,22,Rook,16,6,0,0,0,0,0,12,158,3,45,469,4,0,0.0,0,"AP: 1st Tm, FW: 1st Tm, PFF: 1st Tm, SN: 1st Tm"
PR,Dexter McCluster,Rice,KAN,24,3,15,6,0,0,0,0,0,8,5,0,53,511,2,1,0.0,0,"FW: 1st Tm, SN: 1st Tm, AP: 2nd Tm, PFF: 2nd Tm"
ST,Justin Bethel,Rice,ARI,23,1,16,0,0,0,0,0,0,0,0,0,0,0,0,18,0.0,0,"FW: 1st Tm, PFF: 1st Tm"
ST,Matthew Slater,Sanders,NWE,28,5,12,0,0,0,0,0,0,0,0,0,0,0,0,9,0.0,0,
QB,Aaron Rodgers,,GNB,31,9,16,16,341,520,4381,38,5,43,269,2,0,0,0,2,0.0,0,"AP: 1st Tm, FW: 1st Tm, PFF: 1st Tm, SN: 1st Tm"
QB,Tony Romo,Irvin,DAL,34,10,15,15,304,435,3705,34,9,26,61,0,0,0,0,1,0.0,0,AP: 2nd Tm
QB,Ben Roethlisberger,,PIT,32,10,16,16,408,608,4952,32,9,33,27,0,0,-6,0,0,0.0,0,PFF: 2nd Tm
QB,Matt Ryan,Irvin,ATL,29,6,16,16,415,628,4694,28,14,29,145,0,0,0,0,0,0.0,0,
QB,Andy Dalton,Carter,CIN,27,3,16,16,309,481,3398,19,17,60,169,4,1,18,1,2,0.0,0,
QB,Andrew Luck,Carter,IND,25,2,16,16,380,616,4761,40,16,64,273,3,0,0,0,3,0.0,0,
QB,Peyton Manning,,DEN,38,16,16,16,395,597,4727,39,15,24,-24,0,0,0,0,2,0.0,0,
QB,Matthew Stafford,Irvin,DET,26,5,16,16,363,602,4257,22,12,43,93,2,0,0,0,3,0.0,0,
QB,Drew Brees,Carter,NOR,35,13,16,16,456,659,4952,33,17,27,68,1,1,1,0,0,0.0,0,
QB,Tom Brady,,NWE,37,14,16,16,373,582,4109,33,9,36,57,0,0,0,0,1,0.0,0,
RB,Le'Veon Bell,,PIT,22,1,16,16,0,0,0,0,0,290,1361,8,83,854,3,3,0.0,0,"AP: 1st Tm, FW: 1st Tm, PFF: 1st Tm, SN: 1st Tm"
RB,Darren Sproles,Irvin,PHI,31,9,15,0,0,0,0,0,0,57,329,6,40,387,0,1,0.0,0,"FW: 1st Tm, PFF: 1st Tm, SN: 1st Tm, AP: 2nd Tm"
RB,DeMarco Murray,Irvin,DAL,26,3,16,16,0,0,0,0,0,392,1845,13,57,416,0,2,0.0,0,"AP: 1st Tm, FW: 1st Tm, SN: 1st Tm"
RB,Marshawn Lynch,,SEA,28,7,16,14,0,0,0,0,0,280,1306,13,37,367,4,0,0.0,0,"AP: 2nd Tm, PFF: 2nd Tm"
RB,C.J. Anderson,Irvin,DEN,23,1,15,7,0,0,0,0,0,179,849,8,34,324,2,1,0.0,0,
RB,Arian Foster,,HOU,28,5,13,13,1,1,5,1,0,260,1246,8,38,327,5,1,0.0,0,
RB,Jamaal Charles,Carter,KAN,28,6,15,15,0,0,0,0,0,206,1033,9,40,291,5,2,0.0,0,
RB,Mark Ingram,Irvin,NOR,25,3,13,9,0,0,0,0,0,226,964,9,29,145,0,1,0.0,0,
RB,LeSean McCoy,,PHI,26,5,16,16,0,0,0,0,0,312,1319,5,28,155,0,1,0.0,0,
RB,Justin Forsett,Carter,BAL,29,6,16,14,0,0,0,0,0,235,1266,8,44,263,0,2,0.0,0,
RB,Alfred Morris,Carter,WAS,26,2,16,16,0,0,0,0,0,265,1074,8,17,155,0,2,0.0,0,
FB,John Kuhn,Carter,GNB,32,8,16,2,0,0,0,0,0,24,85,1,4,23,0,1,0.0,0,AP: 1st Tm
FB,Marcel Reece,Irvin,OAK,29,6,15,15,0,0,0,0,0,21,85,0,37,265,1,4,0.0,0,
WR,Antonio Brown,Carter,PIT,26,4,16,16,2,2,20,1,0,4,13,0,129,1698,13,2,0.0,0,"AP: 1st Tm, FW: 1st Tm, PFF: 1st Tm, SN: 1st Tm"
WR,Dez Bryant,,DAL,26,4,16,16,0,0,0,0,0,0,0,0,88,1320,16,1,0.0,0,"AP: 1st Tm, FW: 1st Tm, PFF: 2nd Tm"
WR,Matthew Slater,,NWE,29,6,16,0,0,0,0,0,0,0,0,0,0,0,0,14,0.0,0,"FW: 1st Tm, PFF: 1st Tm"
WR,Jordy Nelson,Carter,GNB,29,6,16,16,0,0,0,0,0,0,0,0,98,1519,13,1,0.0,0,"SN: 1st Tm, AP: 2nd Tm, PFF: 2nd Tm"
WR,Julio Jones,,ATL,25,3,15,15,0,0,0,0,0,1,1,0,104,1593,6,3,0.0,0,SN: 1st Tm
WR,Emmanuel Sanders,Irvin,DEN,27,4,16,16,0,0,0,0,0,8,44,0,101,1404,9,1,0.0,0,PFF: 1st Tm
WR,Odell Beckham,Irvin,NYG,22,Rook,12,11,0,1,0,0,0,7,35,0,91,1305,12,3,0.0,0,PFF: 1st Tm
WR,Demaryius Thomas,,DEN,27,4,16,16,0,0,0,0,0,0,0,0,111,1619,11,2,0.0,0,AP: 2nd Tm
WR,Randall Cobb,Irvin,GNB,24,3,16,16,0,0,0,0,0,11,37,0,91,1287,12,1,0.0,0,PFF: 2nd Tm
WR,Devin Hester,Carter,ATL,32,8,16,1,0,0,0,0,0,6,36,1,38,504,2,1,0.0,0,
WR,A.J. Green,Carter,CIN,26,3,13,13,0,0,0,0,0,2,2,0,69,1041,6,1,0.0,0,
WR,T.Y. Hilton,Carter,IND,25,2,15,15,0,0,0,0,0,2,20,0,82,1345,7,1,0.0,0,
WR,Calvin Johnson,,DET,29,7,13,13,0,0,0,0,0,0,0,0,71,1077,8,2,0.0,0,
WR,Golden Tate,Irvin,DET,26,4,16,16,0,0,0,0,0,5,30,0,99,1331,4,3,0.0,0,
TE,Rob Gronkowski,,NWE,25,4,15,10,0,0,0,0,0,0,0,0,82,1124,12,0,0.0,0,"AP: 1st Tm, FW: 1st Tm, PFF: 1st Tm, SN: 1st Tm"
TE,Greg Olsen,Carter,CAR,29,7,16,16,0,0,0,0,0,0,0,0,84,1008,6,1,0.0,0,PFF: 2nd Tm
TE,Martellus Bennett,Carter,CHI,27,6,16,15,0,0,0,0,0,0,0,0,90,916,6,1,0.0,0,
TE,Jason Witten,Irvin,DAL,32,11,16,16,0,0,0,0,0,0,0,0,64,703,5,3,0.0,0,
TE,Julius Thomas,,DEN,26,3,13,10,0,0,0,0,0,0,0,0,43,489,12,3,0.0,0,
TE,Jimmy Graham,Irvin,NOR,28,4,16,13,0,0,0,0,0,0,0,0,85,889,10,1,0.0,0,
LT,Joe Thomas,Irvin,CLE,30,7,16,16,0,0,0,0,0,0,0,0,0,0,0,1,0.0,0,"AP: 1st Tm, FW: 1st Tm"
LT,Ryan Clady,Carter,DEN,28,6,16,16,0,0,0,0,0,0,0,0,0,0,0,1,0.0,0,
T,Jason Peters,,PHI,32,10,16,16,0,0,0,0,0,0,0,0,0,0,0,0,0.0,0,"AP: 2nd Tm, PFF: 1st Tm, SN: 1st Tm"
T,Duane Brown,Carter,HOU,29,6,16,16,0,0,0,0,0,0,0,0,0,0,0,0,0.0,0,
T,Trent Williams,,WAS,26,4,15,15,0,0,0,0,0,0,0,0,0,0,0,1,0.0,0,
LG,Josh Sitton,Carter,GNB,28,6,16,16,0,0,0,0,0,0,0,0,0,0,0,0,0.0,0,"AP: 2nd Tm, FW: 1st Tm, SN: 1st Tm"
LG,Kyle Long,Irvin,CHI,26,1,15,15,0,0,0,0,0,0,0,0,0,0,0,4,0.0,0,AP: 2nd Tm
G,Zack Martin,Irvin,DAL,24,Rook,16,16,0,0,0,0,0,0,0,0,0,0,0,1,0.0,0,AP: 1st Tm
G,Jahri Evans,,NOR,31,8,16,16,0,0,0,0,0,0,0,0,0,0,0,0,0.0,0,
G,Evan Mathis,Carter,PHI,33,9,9,9,0,0,0,0,0,0,0,0,0,0,0,1,0.0,0,
G,Mike Iupati,,SFO,27,4,15,15,0,0,0,0,0,0,0,0,0,0,0,2,0.0,0,
C,Travis Frederick,Irvin,DAL,23,1,16,16,0,0,0,0,0,0,0,0,0,0,0,3,0.0,0,"AP: 2nd Tm, FW: 1st Tm, PFF: 2nd Tm, SN: 1st Tm"
C,Nick Mangold,Irvin,NYJ,30,8,15,15,0,0,0,0,0,0,0,0,0,0,0,2,0.0,0,PFF: 1st Tm
C,Maurkice Pouncey,Carter,PIT,25,4,16,16,0,0,0,0,0,0,0,0,1,0,0,1,0.0,0,AP: 1st Tm
C,Jason Kelce,Carter,PHI,27,3,12,12,0,0,0,0,0,0,0,0,0,0,0,2,0.0,0,
RG,Marshal Yanda,Irvin,BAL,30,7,16,16,0,0,0,0,0,0,0,0,0,0,0,0,0.0,0,"AP: 1st Tm, FW: 1st Tm, PFF: 1st Tm, SN: 1st Tm"
RG,Mike Pouncey,Carter,MIA,25,3,12,12,0,0,0,0,0,0,0,0,0,0,0,0,0.0,0,
RT,Tyron Smith,Irvin,DAL,24,3,16,16,0,0,0,0,0,0,0,0,0,0,0,0,0.0,0,"AP: 1st Tm, FW: 1st Tm, SN: 1st Tm"
RT,Joe Staley,Carter,SFO,30,7,16,16,0,0,0,0,0,0,0,0,0,0,0,1,0.0,0,
DE,J.J. Watt,Carter,HOU,25,3,16,16,0,0,0,0,0,0,0,0,3,4,3,59,20.5,1,"AP: 1st Tm, FW: 1st Tm, PFF: 1st Tm, SN: 1st Tm"
DE,Mario Williams,Carter,BUF,29,8,16,16,0,0,0,0,0,0,0,0,0,0,0,36,14.5,0,"AP: 1st Tm, FW: 1st Tm"
DE,Robert Quinn,Irvin,STL,24,3,16,16,0,0,0,0,0,0,0,0,0,0,0,39,10.5,0,SN: 1st Tm
DE,Cameron Wake,Irvin,MIA,32,5,16,16,0,0,0,0,0,0,0,0,0,0,0,31,11.5,0,"AP: 2nd Tm, PFF: 2nd Tm"
DE,Calais Campbell,Carter,ARI,28,6,14,14,0,0,0,0,0,0,0,0,0,0,0,48,7.0,1,AP: 2nd Tm
DE,DeMarcus Ware,Irvin,DEN,32,9,16,15,0,0,0,0,0,0,0,0,0,0,0,37,10.0,1,
DT,Ndamukong Suh,,DET,27,4,16,16,0,0,0,0,0,0,0,0,0,0,0,46,8.5,0,"AP: 1st Tm, FW: 1st Tm, PFF: 2nd Tm, SN: 1st Tm"
DT,Marcell Dareus,Carter,BUF,24,3,15,15,0,0,0,0,0,0,0,0,0,0,0,35,10.0,0,"AP: 1st Tm, FW: 1st Tm, PFF: 1st Tm"
DT,Gerald McCoy,,TAM,26,4,13,13,0,0,0,0,0,0,0,0,0,0,0,28,8.5,0,"AP: 2nd Tm, SN: 1st Tm"
DT,Sheldon Richardson,Irvin,NYJ,24,1,16,16,0,0,0,0,0,0,0,0,0,0,0,42,8.0,0,PFF: 1st Tm
DT,Aaron Donald,Irvin,STL,23,Rook,16,12,0,0,0,0,0,0,0,0,0,0,0,37,9.0,0,PFF: 1st Tm
DT,Kyle Williams,Carter,BUF,31,8,15,15,0,0,0,0,0,0,0,0,0,0,0,31,5.5,1,
DT,Geno Atkins,Irvin,CIN,26,4,16,16,0,0,0,0,0,0,0,0,0,0,0,22,3.0,0,
NT,Dontari Poe,Carter,KAN,24,2,16,16,0,0,0,0,0,0,0,0,0,0,0,38,6.0,0,
OLB,Von Miller,Irvin,DEN,25,3,16,16,0,0,0,0,0,0,0,0,0,0,0,48,14.0,0,"AP: 2nd Tm, FW: 1st Tm, PFF: 2nd Tm, SN: 1st Tm"
OLB,Elvis Dumervil,Irvin,BAL,30,8,16,2,0,0,0,0,0,0,0,0,0,0,0,29,17.0,0,AP: 1st Tm
OLB,Connor Barwin,Carter,PHI,28,5,16,16,0,0,0,0,0,0,0,0,0,0,0,47,14.5,0,AP: 2nd Tm
OLB,Clay Matthews,Irvin,GNB,28,5,16,16,0,0,0,0,0,0,0,0,0,0,0,52,11.0,1,
OLB,Tamba Hali,Carter,KAN,31,8,16,16,0,0,0,0,0,0,0,0,0,0,0,47,6.0,0,
ILB,Lawrence Timmons,Carter,PIT,28,7,16,16,0,0,0,0,0,0,0,0,0,0,0,90,2.0,0,AP: 2nd Tm
ILB,D'Qwell Jackson,Irvin,IND,31,8,16,16,0,0,0,0,0,0,0,0,0,0,0,96,4.0,0,
MLB,Luke Kuechly,Irvin,CAR,23,2,16,16,0,0,0,0,0,0,0,0,0,0,0,107,3.0,1,"AP: 1st Tm, FW: 1st Tm, PFF: 1st Tm, SN: 1st Tm"
MLB,C.J. Mosley,Carter,BAL,22,Rook,16,16,0,0,0,0,0,0,0,0,0,0,0,99,3.0,2,AP: 2nd Tm
LB,Justin Houston,Carter,KAN,25,3,16,16,0,0,0,0,0,0,0,0,0,0,0,59,22.0,0,"AP: 1st Tm, FW: 1st Tm, PFF: 1st Tm, SN: 1st Tm"
LB,Bobby Wagner,,SEA,24,2,11,11,0,0,0,0,0,0,0,0,0,0,0,83,2.0,0,AP: 1st Tm
CB,Darrelle Revis,,NWE,29,7,16,16,0,0,0,0,0,0,0,0,0,0,0,44,0.0,2,"AP: 1st Tm, FW: 1st Tm, PFF: 1st Tm, SN: 1st Tm"
CB,Vontae Davis,Irvin,IND,26,5,15,15,0,0,0,0,0,0,0,0,0,0,0,50,0.0,4,PFF: 1st Tm
CB,Brent Grimes,Irvin,MIA,31,7,16,16,0,0,0,0,0,0,0,0,0,0,0,48,0.0,5,AP: 2nd Tm
CB,Joe Haden,Irvin,CLE,25,4,15,15,0,0,0,0,0,0,0,0,0,0,0,58,0.0,3,
CB,Antonio Cromartie,Carter,ARI,30,8,16,16,0,0,0,0,0,0,0,0,0,0,0,46,0.0,3,
CB,Patrick Peterson,Carter,ARI,24,3,16,16,0,0,0,0,0,0,0,0,0,0,0,48,1.0,3,
CB,Aqib Talib,Carter,DEN,28,6,15,15,0,0,0,0,0,0,0,0,0,0,0,58,1.0,4,
CB,Sam Shields,Carter,GNB,27,4,14,14,0,0,0,0,0,0,0,0,0,0,0,36,0.0,2,
SS,Kam Chancellor,,SEA,26,4,14,14,0,0,0,0,0,0,0,0,0,0,0,80,0.0,1,AP: 2nd Tm
SS,Mike Adams,Irvin,IND,33,10,16,16,0,0,0,0,0,0,0,0,0,0,0,77,0.0,5,
SS,T.J. Ward,Irvin,DEN,28,4,15,15,0,0,0,0,0,0,0,0,0,0,0,62,2.0,2,
SS,Darrell Stuckey,Irvin,SDG,27,4,16,0,0,0,0,0,0,0,0,0,0,0,0,18,0.0,0,
SS,Antoine Bethea,Carter,SFO,30,8,16,16,0,0,0,0,0,0,0,0,0,0,0,71,1.0,4,
FS,Eric Weddle,Irvin,SDG,29,7,16,16,0,1,0,0,0,0,0,0,0,0,0,91,0.0,1,"AP: 1st Tm, FW: 1st Tm, PFF: 1st Tm, SN: 1st Tm"
FS,Earl Thomas,,SEA,25,4,16,16,0,0,0,0,0,0,0,0,0,0,0,88,0.0,1,"AP: 1st Tm, FW: 1st Tm, PFF: 2nd Tm, SN: 1st Tm"
FS,Glover Quin,Carter,DET,28,5,16,16,0,0,0,0,0,0,0,0,0,0,0,58,0.0,7,"AP: 2nd Tm, PFF: 2nd Tm"
FS,Donte Whitner,Carter,CLE,29,8,16,16,0,0,0,0,0,0,0,0,0,0,0,68,0.0,1,
LS,Jon Dorenbos,Irvin,PHI,34,11,16,0,0,0,0,0,0,0,0,0,0,0,0,2,0.0,0,PFF: 1st Tm
LS,L.P. Ladouceur,Carter,DAL,33,9,16,0,0,0,0,0,0,0,0,0,0,0,0,0,0.0,0,
DB,Richard Sherman,,SEA,26,3,16,16,0,0,0,0,0,0,0,0,0,0,0,52,0.0,4,"AP: 1st Tm, FW: 1st Tm, PFF: 2nd Tm, SN: 1st Tm"
DB,Chris Harris,Irvin,DEN,25,3,16,16,0,0,0,0,0,0,0,0,0,0,0,54,1.0,3,"AP: 2nd Tm, PFF: 1st Tm"
DB,Justin Bethel,Carter,ARI,24,2,16,0,0,0,0,0,0,0,0,0,0,0,0,22,0.0,0,PFF: 1st Tm
DB,Tashaun Gipson,,CLE,24,2,11,11,0,0,0,0,0,0,0,0,0,0,0,28,0.0,6,
K,Adam Vinatieri,Irvin,IND,42,18,16,0,0,0,0,0,0,0,0,0,0,0,0,0,0.0,0,"AP: 1st Tm, FW: 1st Tm, SN: 1st Tm"
K,Stephen Gostkowski,,NWE,30,8,16,0,0,0,0,0,0,0,0,0,0,0,0,1,0.0,0,AP: 2nd Tm
K,Cody Parkey,Carter,PHI,22,Rook,16,0,0,0,0,0,0,0,0,0,0,0,0,2,0.0,0,
P,Pat McAfee,Carter,IND,27,5,16,0,0,1,0,0,0,0,0,0,0,0,0,2,0.0,0,"AP: 1st Tm, FW: 1st Tm, PFF: 1st Tm"
P,Kevin Huber,Irvin,CIN,29,5,16,0,0,0,0,0,0,0,0,0,0,0,0,0,0.0,0,SN: 1st Tm
QB,Cam Newton,Rice,CAR,26,4,16,16,296,495,3837,35,10,132,636,10,0,0,0,0,0.0,0,"AP: 1st Tm, FW: 1st Tm, SN: 1st Tm"
QB,Carson Palmer,Rice,ARI,36,11,16,16,342,537,4671,35,11,25,24,1,0,0,0,0,0.0,0,"PFF: 1st Tm, AP: 2nd Tm"
QB,Tom Brady,Rice,NWE,38,15,16,16,402,624,4770,36,7,34,53,3,1,36,0,0,0.0,0,PFF: 2nd Tm
QB,Tyrod Taylor,Rice,BUF,26,4,14,14,242,380,3035,20,6,104,568,4,1,4,0,0,0.0,0,
QB,Aaron Rodgers,Rice,GNB,32,10,16,16,347,572,3821,31,8,58,344,1,0,0,0,0,0.0,0,
QB,Teddy Bridgewater,Irvin,MIN,23,1,16,16,292,447,3231,14,9,44,192,3,0,0,0,0,0.0,0,
QB,Eli Manning,Rice,NYG,34,11,16,16,387,618,4432,35,14,20,61,0,0,0,0,0,0.0,0,
QB,Ben Roethlisberger,Rice,PIT,33,11,12,11,319,469,3938,21,16,15,29,0,0,-3,0,0,0.0,0,
QB,Derek Carr,Rice,OAK,24,1,16,16,350,573,3987,32,13,33,138,0,0,0,0,0,0.0,0,
QB,Russell Wilson,Irvin,SEA,27,3,16,16,329,483,4024,34,8,103,553,1,0,0,0,0,0.0,0,
QB,Jameis Winston,Irvin,TAM,21,Rook,16,16,312,535,4042,22,15,54,213,6,0,0,0,0,0.0,0,
RB,Doug Martin,Rice,TAM,26,3,16,16,0,0,0,0,0,288,1402,6,33,271,1,0,0.0,0,"AP: 1st Tm, FW: 1st Tm, PFF: 1st Tm, SN: 1st Tm"
RB,Adrian Peterson,Rice,MIN,30,8,16,16,0,0,0,0,0,327,1485,11,30,222,0,0,0.0,0,"AP: 1st Tm, FW: 1st Tm, SN: 1st Tm"
RB,Devonta Freeman,Irvin,ATL,23,1,15,13,0,0,0,0,0,265,1056,11,73,578,3,0,0.0,0,AP: 2nd Tm
RB,Jonathan Stewart,Rice,CAR,28,7,13,13,0,0,0,0,0,242,989,6,16,99,1,0,0.0,0,PFF: 2nd Tm
RB,Todd Gurley,Irvin,STL,21,Rook,13,12,0,0,0,0,0,229,1106,10,21,188,0,0,0.0,0,AP: 2nd Tm
RB,LeSean McCoy,Rice,BUF,27,6,12,12,0,0,0,0,0,203,895,3,32,292,2,0,0.0,0,
RB,Chris Ivory,Rice,NYJ,27,5,15,14,0,0,0,0,0,247,1070,7,30,217,1,0,0.0,0,
RB,Latavius Murray,Irvin,OAK,25,2,16,16,0,0,0,0,0,266,1066,6,41,232,0,0,0.0,0,
FB,Patrick DiMarco,Irvin,ATL,26,3,16,8,0,0,0,0,0,1,0,0,13,110,2,1,0.0,0,"PFF: 1st Tm, AP: 2nd Tm"
FB,Mike Tolbert,Rice,CAR,30,7,16,3,0,0,0,0,0,62,256,1,18,154,3,0,0.0,0,AP: 1st Tm
FB,John Kuhn,Rice,GNB,33,9,16,6,0,0,0,0,0,9,28,2,6,56,0,0,0.0,0,
WR,Julio Jones,Irvin,ATL,26,4,16,16,0,0,0,0,0,0,0,0,136,1871,8,0,0.0,0,"AP: 1st Tm, FW: 1st Tm, PFF: 1st Tm, SN: 1st Tm"
WR,Antonio Brown,Rice,PIT,27,5,16,16,0,0,0,0,0,3,28,0,136,1834,10,0,0.0,0,"AP: 1st Tm, FW: 1st Tm, PFF: 1st Tm, SN: 1st Tm"
WR,Larry Fitzgerald,Rice,ARI,32,11,16,16,0,0,0,0,0,0,0,0,109,1215,9,0,0.0,0,PFF: 1st Tm
WR,Jarvis Landry,Rice,MIA,23,1,16,14,1,1,9,0,0,18,113,1,110,1157,4,0,0.0,0,PFF: 1st Tm
WR,DeAndre Hopkins,Irvin,HOU,23,2,16,16,0,0,0,0,0,0,0,0,111,1521,11,0,0.0,0,"AP: 2nd Tm, PFF: 2nd Tm"
WR,A.J. Green,Irvin,CIN,27,4,16,16,0,0,0,0,0,0,0,0,86,1297,10,0,0.0,0,PFF: 2nd Tm
WR,Odell Beckham,Rice,NYG,23,1,15,15,0,0,0,0,0,1,3,0,96,1450,13,0,0.0,0,AP: 2nd Tm
WR,Brandon Marshall,Rice,NYJ,31,9,16,16,0,0,0,0,0,0,0,0,109,1502,14,0,0.0,0,AP: 2nd Tm
WR,T.Y. Hilton,Rice,IND,26,3,16,15,0,0,0,0,0,0,0,0,69,1124,5,0,0.0,0,
WR,Calvin Johnson,Rice,DET,30,8,16,16,0,0,0,0,0,0,0,0,88,1214,9,0,0.0,0,
WR,Allen Robinson,Irvin,JAX,22,1,16,16,0,0,0,0,0,0,0,0,80,1400,14,0,0.0,0,
WR,Matthew Slater,Rice,NWE,30,7,16,0,0,0,0,0,0,0,0,0,0,0,0,1,0.0,0,
WR,Amari Cooper,Rice,OAK,21,Rook,16,15,0,0,0,0,0,3,-3,0,72,1070,6,0,0.0,0,
TE,Rob Gronkowski,Rice,NWE,26,5,15,15,0,0,0,0,0,0,0,0,72,1176,11,0,0.0,0,"AP: 1st Tm, FW: 1st Tm, PFF: 1st Tm, SN: 1st Tm"
TE,Greg Olsen,Rice,CAR,30,8,16,16,0,0,0,0,0,0,0,0,77,1104,7,0,0.0,0,AP: 2nd Tm
TE,Delanie Walker,Irvin,TEN,31,9,15,10,0,0,0,0,0,1,36,0,94,1088,6,0,0.0,0,PFF: 2nd Tm
TE,Tyler Eifert,Irvin,CIN,25,2,13,12,0,0,0,0,0,0,0,0,52,615,13,0,0.0,0,
TE,Gary Barnidge,Rice,CLE,30,7,16,13,0,0,0,0,0,0,0,0,79,1043,9,0,0.0,0,
TE,Travis Kelce,Rice,KAN,26,2,16,16,0,0,0,0,0,0,0,0,72,875,5,0,0.0,0,
LT,Joe Thomas,Rice,CLE,31,8,16,16,0,0,0,0,0,0,0,0,0,0,0,0,0.0,0,"AP: 1st Tm, FW: 1st Tm, PFF: 1st Tm, SN: 1st Tm"
LT,Tyron Smith,Irvin,DAL,25,4,16,16,0,0,0,0,0,0,0,0,0,0,0,0,0.0,0,"AP: 2nd Tm, FW: 1st Tm, PFF: 2nd Tm, SN: 1st Tm"
T,Trent Williams,Rice,WAS,27,5,14,14,0,0,0,0,0,0,0,0,0,0,0,0,0.0,0,AP: 2nd Tm
T,Kyle Long,Rice,CHI,27,2,16,16,0,0,0,0,0,0,0,0,0,0,0,0,0.0,0,
T,Branden Albert,Irvin,MIA,31,7,14,14,0,0,0,0,0,0,0,0,0,0,0,0,0.0,0,
T,Jason Peters,Rice,PHI,33,11,14,14,0,0,0,0,0,0,0,0,0,0,0,0,0.0,0,
LG,Zack Martin,Irvin,DAL,25,1,16,16,0,0,0,0,0,0,0,0,0,0,0,0,0.0,0,"AP: 2nd Tm, FW: 1st Tm, PFF: 2nd Tm, SN: 1st Tm"
LG,Josh Sitton,Rice,GNB,29,7,16,16,0,0,0,0,0,0,0,0,0,0,0,0,0.0,0,"AP: 2nd Tm, PFF: 2nd Tm"
G,Richie Incognito,Rice,BUF,32,9,16,16,0,0,0,0,0,0,0,0,0,0,0,0,0.0,0,PFF: 1st Tm
G,David DeCastro,Irvin,PIT,25,3,16,16,0,0,0,0,0,0,0,0,0,0,0,0,0.0,0,AP: 1st Tm
G,Mike Iupati,Rice,ARI,28,5,13,13,0,0,0,0,0,0,0,0,1,10,0,0,0.0,0,AP: 2nd Tm
G,Trai Turner,Rice,CAR,22,1,16,16,0,0,0,0,0,0,0,0,0,0,0,0,0.0,0,
C,Ryan Kalil,Rice,CAR,30,8,15,15,0,0,0,0,0,0,0,0,0,0,0,0,0.0,0,"AP: 1st Tm, FW: 1st Tm, SN: 1st Tm"
C,Travis Frederick,Irvin,DAL,24,2,16,16,0,0,0,0,0,0,0,0,0,0,0,0,0.0,0,"AP: 2nd Tm, PFF: 1st Tm"
C,Eric Wood,Rice,BUF,29,6,16,16,0,0,0,0,0,0,0,0,0,0,0,0,0.0,0,
C,Alex Mack,Irvin,CLE,30,6,16,16,0,0,0,0,0,0,0,0,0,0,0,0,0.0,0,
C,Mike Pouncey,Rice,MIA,26,4,14,14,0,0,0,0,0,0,0,0,0,0,0,0,0.0,0,
C,Nick Mangold,Rice,NYJ,31,9,15,15,0,0,0,0,0,0,0,0,0,0,0,0,0.0,0,
RG,Marshal Yanda,Irvin,BAL,31,8,16,16,0,0,0,0,0,0,0,0,0,0,0,0,0.0,0,"AP: 1st Tm, FW: 1st Tm, PFF: 1st Tm, SN: 1st Tm"
RG,Logan Mankins,Rice,TAM,33,10,15,15,0,0,0,0,0,0,0,0,0,0,0,0,0.0,0,
RT,Andrew Whitworth,Irvin,CIN,34,9,16,16,0,0,0,0,0,0,0,0,0,0,0,0,0.0,0,AP: 1st Tm
RT,Joe Staley,Rice,SFO,31,8,16,16,0,0,0,0,0,0,0,0,0,0,0,0,0.0,0,
DE,J.J. Watt,Rice,HOU,26,4,16,16,0,0,0,0,0,0,0,0,0,0,0,57,17.5,0,"AP: 1st Tm, FW: 1st Tm, PFF: 1st Tm, SN: 1st Tm"
DE,Khalil Mack,Rice,OAK,24,1,16,16,0,0,0,0,0,0,0,0,0,0,0,57,15.0,0,"AP: 1st Tm, FW: 1st Tm, PFF: 1st Tm, SN: 1st Tm"
DE,Ezekiel Ansah,Irvin,DET,26,2,16,16,0,0,0,0,0,0,0,0,0,0,0,39,14.5,0,AP: 2nd Tm
DE,Cameron Jordan,Rice,NOR,26,4,16,16,0,0,0,0,0,0,0,0,0,0,0,32,10.0,0,PFF: 2nd Tm
DE,Carlos Dunlap,Irvin,CIN,26,5,16,16,0,0,0,0,0,0,0,0,0,0,0,37,13.5,0,
DE,Everson Griffen,Rice,MIN,28,5,15,15,0,0,0,0,0,0,0,0,0,0,0,34,10.5,0,
DE,Chandler Jones,Rice,NWE,25,3,15,15,0,0,0,0,0,0,0,0,0,0,0,31,12.5,1,
DE,Michael Bennett,Irvin,SEA,30,6,16,16,0,0,0,0,0,0,0,0,0,0,0,33,10.0,0,
DT,Aaron Donald,Rice,STL,24,1,16,16,0,0,0,0,0,0,0,0,0,0,0,43,11.0,0,"AP: 1st Tm, FW: 1st Tm, PFF: 1st Tm, SN: 1st Tm"
DT,Geno Atkins,Irvin,CIN,27,5,16,16,0,0,0,0,0,0,0,0,0,0,0,31,11.0,0,"AP: 1st Tm, FW: 1st Tm, PFF: 2nd Tm, SN: 1st Tm"
DT,Kawann Short,Rice,CAR,26,2,16,16,0,0,0,0,0,0,0,0,0,0,0,36,11.0,0,AP: 2nd Tm
DT,Muhammad Wilkerson,Rice,NYJ,26,4,16,15,0,0,0,0,0,0,0,0,0,0,0,39,12.0,0,AP: 2nd Tm
DT,Fletcher Cox,Rice,PHI,25,3,16,16,0,0,0,0,0,0,0,0,0,0,0,50,9.5,0,AP: 2nd Tm
DT,Calais Campbell,Irvin,ARI,29,7,16,16,0,0,0,0,0,0,0,0,0,0,0,46,5.0,0,
DT,Jurrell Casey,Irvin,TEN,26,4,16,16,0,0,0,0,0,0,0,0,0,0,0,34,7.0,0,
DT,Gerald McCoy,Rice,TAM,27,5,15,15,0,0,0,0,0,0,0,0,0,0,0,26,8.5,0,
OLB,Thomas Davis,Rice,CAR,32,10,16,16,0,0,0,0,0,0,0,0,0,0,0,75,5.5,4,AP: 1st Tm
OLB,Anthony Barr,Irvin,MIN,23,1,14,14,0,0,0,0,0,0,0,0,0,0,0,54,3.5,1,PFF: 1st Tm
OLB,Sean Lee,Irvin,DAL,29,5,14,14,0,0,0,0,0,0,0,0,0,0,0,76,2.5,1,
OLB,DeMarcus Ware,Rice,DEN,33,10,11,10,0,0,0,0,0,0,0,0,0,0,0,17,7.5,0,
OLB,Julius Peppers,Rice,GNB,35,13,16,16,0,0,0,0,0,0,0,0,0,0,0,25,10.5,0,
OLB,Tamba Hali,Rice,KAN,32,9,15,14,0,0,0,0,0,0,0,0,0,0,0,39,6.5,0,
MLB,Derrick Johnson,Irvin,KAN,33,10,16,16,0,0,0,0,0,0,0,0,0,0,0,95,4.0,2,"AP: 2nd Tm, PFF: 2nd Tm"
MLB,Clay Matthews,Rice,GNB,29,6,16,16,0,0,0,0,0,0,0,0,0,0,0,49,6.5,1,
LB,Luke Kuechly,Rice,CAR,24,3,13,13,0,0,0,0,0,0,0,0,0,0,0,76,1.0,4,"AP: 1st Tm, FW: 1st Tm, PFF: 1st Tm, SN: 1st Tm"
LB,Von Miller,Rice,DEN,26,4,16,16,0,0,0,0,0,0,0,0,0,0,0,30,11.0,0,"AP: 1st Tm, FW: 1st Tm, PFF: 2nd Tm, SN: 1st Tm"
LB,Justin Houston,Rice,KAN,26,4,11,11,0,0,0,0,0,0,0,0,0,0,0,25,7.5,2,SN: 1st Tm
LB,NaVorro Bowman,Irvin,SFO,27,5,16,16,0,0,0,0,0,0,0,0,0,0,0,116,2.5,0,AP: 1st Tm
LB,Jamie Collins,Rice,NWE,26,2,12,12,0,0,0,0,0,0,0,0,0,0,0,51,5.5,1,AP: 2nd Tm
LB,Bobby Wagner,Rice,SEA,25,3,15,15,0,0,0,0,0,0,0,0,0,0,0,67,0.5,0,AP: 2nd Tm
LB,Elvis Dumervil,Rice,BAL,31,9,16,16,0,0,0,0,0,0,0,0,0,0,0,29,6.0,0,
LB,Lavonte David,Irvin,TAM,25,3,16,16,0,0,0,0,0,0,0,0,0,0,0,85,3.0,3,
CB,Richard Sherman,Irvin,SEA,27,4,16,16,0,0,0,0,0,0,0,0,0,0,0,33,0.0,2,"AP: 2nd Tm, PFF: 1st Tm"
CB,Marcus Peters,Rice,KAN,22,Rook,16,16,0,0,0,0,0,0,0,0,0,0,0,53,0.0,8,AP: 2nd Tm
CB,Desmond Trufant,Irvin,ATL,25,2,16,16,0,0,0,0,0,0,0,0,0,0,0,35,1.0,1,
CB,Adam Jones,Irvin,CIN,32,10,14,14,0,0,0,0,0,0,0,0,0,0,0,53,1.0,3,
CB,Vontae Davis,Rice,IND,27,6,16,16,0,0,0,0,0,0,0,0,0,0,0,38,0.0,4,
CB,Aqib Talib,Rice,DEN,29,7,15,15,0,0,0,0,0,0,0,0,0,0,0,39,0.0,3,
CB,Brent Grimes,Rice,MIA,32,8,15,15,0,0,0,0,0,0,0,0,0,0,0,42,0.0,4,
CB,Dominique Rodgers-Cromartie,Irvin,NYG,29,7,15,15,0,0,0,0,0,0,0,0,0,0,0,52,0.0,3,
CB,Darrelle Revis,Rice,NYJ,30,8,14,14,0,0,0,0,0,0,0,0,0,0,0,30,0.0,5,
CB,Jason Verrett,Rice,SDG,24,1,14,14,0,0,0,0,0,0,0,0,0,0,0,42,0.0,3,
SS,Eric Berry,Rice,KAN,27,5,16,15,0,0,0,0,0,0,0,0,0,0,0,55,0.0,2,"AP: 1st Tm, FW: 1st Tm, PFF: 2nd Tm"
SS,Reshad Jones,Irvin,MIA,27,5,16,16,0,0,0,0,0,0,0,0,0,0,0,106,2.0,5,
SS,Kam Chancellor,Rice,SEA,27,5,11,11,0,0,0,0,0,0,0,0,0,0,0,42,0.0,2,
FS,Earl Thomas,Rice,SEA,26,5,16,16,0,0,0,0,0,0,0,0,0,0,0,42,0.0,5,"PFF: 2nd Tm, SN: 1st Tm"
FS,Malcolm Jenkins,Irvin,PHI,28,6,16,16,0,0,0,0,0,0,0,0,0,0,0,86,0.0,2,PFF: 1st Tm
FS,Reggie Nelson,Rice,CIN,32,8,16,16,0,0,0,0,0,0,0,0,0,0,0,50,0.0,8,AP: 2nd Tm
FS,Charles Woodson,Rice,OAK,39,17,16,16,0,0,0,0,0,1,-3,0,0,0,0,59,0.0,5,AP: 2nd Tm
LS,Jon Weeks,Irvin,HOU,29,5,16,0,0,0,0,0,0,0,0,0,0,0,0,0,0.0,0,
LS,Morgan Cox,Rice,BAL,29,5,16,0,0,0,0,0,0,0,0,0,0,0,0,0,0.0,0,
S,Harrison Smith,Irvin,MIN,26,3,13,13,0,0,0,0,0,0,0,0,0,0,0,49,1.5,2,PFF: 1st Tm
S,Mike Adams,Rice,IND,34,11,13,13,0,0,0,0,0,0,0,0,0,0,0,52,1.0,5,
DB,Tyrann Mathieu,Rice,ARI,23,2,14,14,0,0,0,0,0,0,0,0,0,0,0,80,1.0,5,"AP: 1st Tm, FW: 1st Tm, PFF: 1st Tm, SN: 1st Tm"
DB,Patrick Peterson,Rice,ARI,25,4,16,16,0,0,0,0,0,0,0,0,0,0,0,33,0.0,2,"AP: 1st Tm, FW: 1st Tm, PFF: 1st Tm, SN: 1st Tm"
DB,Josh Norman,Rice,CAR,28,3,16,16,0,0,0,0,0,0,0,0,0,0,0,48,0.0,4,"AP: 1st Tm, FW: 1st Tm, SN: 1st Tm, PFF: 2nd Tm"
DB,Chris Harris,Rice,DEN,26,4,16,16,0,0,0,0,0,0,0,0,0,0,0,49,0.0,2,"AP: 2nd Tm, PFF: 2nd Tm"
DB,Malcolm Butler,Rice,NWE,25,1,16,16,0,0,0,0,0,0,0,0,0,0,0,56,0.0,2,
K,Stephen Gostkowski,Rice,NWE,31,9,16,0,0,0,0,0,0,0,0,0,0,0,0,0,0.0,0,"AP: 1st Tm, FW: 1st Tm, PFF: 1st Tm, SN: 1st Tm"
K,Dan Bailey,Irvin,DAL,27,4,16,0,0,0,0,0,0,0,0,0,0,0,0,0,0.0,0,"AP: 2nd Tm, PFF: 2nd Tm"
K,Josh Brown,Rice,NYG,36,12,16,0,0,0,0,0,0,0,0,0,0,0,0,0,0.0,0,
P,Johnny Hekker,Rice,STL,25,3,16,0,1,4,20,0,0,0,0,0,0,0,0,0,0.0,0,"AP: 1st Tm, FW: 1st Tm, SN: 1st Tm"
P,Sam Koch,Irvin,BAL,33,9,16,0,1,1,-3,0,0,1,7,0,0,0,0,0,0.0,0,AP: 2nd Tm
RB/RS,Darren Sproles,Irvin,PHI,32,10,16,4,0,0,0,0,0,83,317,3,55,388,1,0,0.0,0,"FW: 1st Tm, SN: 1st Tm"
CB/ST,Justin Bethel,Irvin,ARI,25,3,16,5,0,0,0,0,0,0,0,0,0,0,0,31,0.0,2,"FW: 1st Tm, PFF: 2nd Tm"
WR/RS,Tyler Lockett,Rice,SEA,23,Rook,16,8,0,0,0,0,0,5,20,0,51,664,6,0,0.0,0,"AP: 1st Tm, PFF: 2nd Tm"
HB/ST,Cedric Peerman,Rice,CIN,29,6,16,0,0,0,0,0,0,0,0,0,0,0,0,2,0.0,0,
QB,Matt Ryan,NFC,ATL,31,8,16,16,373,534,4944,38,7,35,117,0,0,0,0,0,0.0,0,"AP: 1st Tm, FW: 1st Tm, PFF: 2nd Tm"
QB,Tom Brady,AFC,NWE,39,16,12,12,291,432,3554,28,2,28,64,0,0,0,0,0,0.0,0,"AP: 2nd Tm, PFF: 1st Tm, SN: 1st Tm"
QB,Andy Dalton,AFC,CIN,29,5,16,16,364,563,4206,18,8,46,184,4,0,0,0,0,0.0,0,
QB,Dak Prescott,NFC,DAL,23,Rook,16,16,311,459,3667,23,4,57,282,6,0,0,0,0,0.0,0,
QB,Aaron Rodgers,NFC,GNB,33,11,16,16,401,610,4428,40,7,67,369,4,0,0,0,0,0.0,0,
QB,Alex Smith,AFC,KAN,32,11,15,15,328,489,3502,15,8,48,134,5,1,3,0,0,0.0,0,
QB,Drew Brees,NFC,NOR,37,15,16,16,471,673,5208,37,15,23,20,2,0,0,0,0,0.0,0,
QB,Ben Roethlisberger,AFC,PIT,34,12,14,14,328,509,3819,29,13,16,14,1,0,0,0,0,0.0,0,
QB,Derek Carr,AFC,OAK,25,2,15,15,357,560,3937,28,6,39,70,0,0,0,0,0,0.0,0,
QB,Philip Rivers,AFC,SDG,35,12,16,16,349,578,4386,33,21,14,35,0,0,0,0,0,0.0,0,
QB,Kirk Cousins,NFC,WAS,28,4,16,16,406,606,4917,25,12,34,96,4,0,0,0,0,0.0,0,
RB,David Johnson,NFC,ARI,25,1,16,16,0,0,0,0,0,293,1239,16,80,879,4,0,0.0,0,"AP: 1st Tm, FW: 1st Tm, PFF: 1st Tm, SN: 1st Tm"
RB,Ezekiel Elliott,NFC,DAL,21,Rook,15,15,0,0,0,0,0,322,1631,15,32,363,1,0,0.0,0,"AP: 1st Tm, FW: 1st Tm, PFF: 1st Tm, SN: 1st Tm"
RB,Jay Ajayi,AFC,MIA,23,1,15,12,0,0,0,0,0,260,1272,8,27,151,0,0,0.0,0,PFF: 2nd Tm
RB,Le'Veon Bell,AFC,PIT,24,3,12,12,0,1,0,0,0,261,1268,7,75,616,2,0,0.0,0,AP: 2nd Tm
RB,Devonta Freeman,NFC,ATL,24,2,16,16,0,0,0,0,0,227,1079,11,54,462,2,0,0.0,0,
RB,LeSean McCoy,AFC,BUF,28,7,15,15,0,0,0,0,0,234,1267,13,50,356,1,0,0.0,0,
RB,Jordan Howard,NFC,CHI,22,Rook,15,13,0,0,0,0,0,252,1313,6,29,298,1,1,0.0,0,
RB,DeMarco Murray,AFC,TEN,28,5,16,16,1,2,10,1,0,293,1287,9,53,377,3,0,0.0,0,
RB,Darren Sproles,NFC,PHI,33,11,15,5,0,0,0,0,0,94,438,2,52,427,2,1,0.0,0,
RB,Melvin Gordon,AFC,SDG,23,1,13,11,0,0,0,0,0,254,997,10,41,419,2,0,0.0,0,
FB,Kyle Juszczyk,AFC,BAL,25,3,16,7,0,0,0,0,0,5,22,1,37,266,0,0,0.0,0,PFF: 1st Tm
FB,Mike Tolbert,NFC,CAR,31,8,16,2,0,0,0,0,0,35,114,0,10,72,1,0,0.0,0,
WR,Julio Jones,NFC,ATL,27,5,14,14,0,0,0,0,0,0,0,0,83,1409,6,0,0.0,0,"AP: 1st Tm, FW: 1st Tm, PFF: 1st Tm, SN: 1st Tm"
WR,Tyreek Hill,AFC,KAN,22,Rook,16,1,0,0,0,0,0,24,267,3,61,593,6,0,0.0,0,"AP: 1st Tm, FW: 1st Tm, PFF: 1st Tm, SN: 1st Tm"
WR,Antonio Brown,AFC,PIT,28,6,15,15,0,0,0,0,0,3,9,0,106,1284,12,0,0.0,0,"AP: 1st Tm, FW: 1st Tm, PFF: 2nd Tm, SN: 1st Tm"
WR,Mike Evans,NFC,TAM,23,2,16,16,0,0,0,0,0,0,0,0,96,1321,12,0,0.0,0,"PFF: 1st Tm, AP: 2nd Tm"
WR,Odell Beckham,NFC,NYG,24,2,16,16,0,0,0,0,0,1,9,0,101,1367,10,0,0.0,0,"AP: 2nd Tm, PFF: 2nd Tm"
WR,T.Y. Hilton,AFC,IND,27,4,16,16,0,0,0,0,0,0,0,0,91,1448,6,0,0.0,0,PFF: 2nd Tm
WR,A.J. Green,AFC,CIN,28,5,10,10,0,0,0,0,0,0,0,0,66,964,4,0,0.0,0,
WR,Larry Fitzgerald,NFC,ARI,33,12,16,16,0,1,0,0,0,2,5,0,107,1023,6,0,0.0,0,
WR,Dez Bryant,NFC,DAL,28,6,13,13,1,1,10,1,0,0,0,0,50,796,8,0,0.0,0,
WR,Emmanuel Sanders,AFC,DEN,29,6,16,16,0,0,0,0,0,1,4,0,79,1032,5,0,0.0,0,
WR,Demaryius Thomas,AFC,DEN,29,6,16,16,0,0,0,0,0,0,0,0,90,1083,5,0,0.0,0,
WR,Jarvis Landry,AFC,MIA,24,2,16,16,0,1,0,0,0,5,17,0,94,1136,4,0,0.0,0,
WR,Amari Cooper,AFC,OAK,22,1,16,14,0,0,0,0,0,1,0,0,83,1153,5,0,0.0,0,
WR,Doug Baldwin,NFC,SEA,28,5,16,15,1,1,15,1,0,3,2,0,94,1128,7,0,0.0,0,
TE,Travis Kelce,AFC,KAN,27,3,16,15,0,0,0,0,0,1,-5,0,85,1125,4,0,0.0,0,"AP: 1st Tm, FW: 1st Tm, PFF: 1st Tm, SN: 1st Tm"
TE,Greg Olsen,NFC,CAR,31,9,16,16,0,0,0,0,0,0,0,0,80,1073,3,0,0.0,0,"AP: 2nd Tm, PFF: 2nd Tm"
TE,Delanie Walker,AFC,TEN,32,10,15,10,0,0,0,0,0,2,11,0,65,800,7,0,0.0,0,
TE,Jimmy Graham,NFC,SEA,30,6,16,15,0,0,0,0,0,1,0,0,65,923,6,0,0.0,0,
TE,Jordan Reed,NFC,WAS,26,3,12,8,0,0,0,0,0,0,0,0,66,686,6,0,0.0,0,
LT,Tyron Smith,NFC,DAL,26,5,13,13,0,0,0,0,0,0,0,0,0,0,0,0,0.0,0,"AP: 1st Tm, FW: 1st Tm, SN: 1st Tm"
LT,Joe Thomas,AFC,CLE,32,9,16,16,0,0,0,0,0,0,0,0,0,0,0,0,0.0,0,FW: 1st Tm
T,David Bakhtiari,NFC,GNB,25,3,16,16,0,0,0,0,0,0,0,0,0,0,0,0,0.0,0,"AP: 2nd Tm, PFF: 2nd Tm"
T,Andrew Whitworth,AFC,CIN,35,10,16,16,0,0,0,0,0,0,0,0,0,0,0,0,0.0,0,
T,Jason Peters,NFC,PHI,34,12,16,16,0,0,0,0,0,0,0,0,0,0,0,0,0.0,0,
T,Donald Penn,AFC,OAK,33,9,16,16,0,0,0,0,0,0,0,0,1,1,1,0,0.0,0,
LG,Kelechi Osemele,AFC,OAK,27,4,15,15,0,0,0,0,0,0,0,0,0,0,0,0,0.0,0,"AP: 1st Tm, FW: 1st Tm, SN: 1st Tm, PFF: 2nd Tm"
LG,Zack Martin,NFC,DAL,26,2,16,16,0,0,0,0,0,0,0,0,0,0,0,0,0.0,0,"AP: 1st Tm, FW: 1st Tm, PFF: 1st Tm"
G,Marshal Yanda,AFC,BAL,32,9,13,13,0,0,0,0,0,0,0,0,0,0,0,0,0.0,0,"AP: 2nd Tm, PFF: 1st Tm, SN: 1st Tm"
G,Richie Incognito,AFC,BUF,33,10,16,16,0,0,0,0,0,0,0,0,0,0,0,0,0.0,0,
G,Trai Turner,NFC,CAR,23,2,16,16,0,0,0,0,0,0,0,0,0,0,0,0,0.0,0,
G,Josh Sitton,NFC,CHI,30,8,13,12,0,0,0,0,0,0,0,0,0,0,0,0,0.0,0,
G,T.J. Lang,NFC,GNB,29,7,13,13,0,0,0,0,0,0,0,0,0,0,0,0,0.0,0,
G,Brandon Scherff,NFC,WAS,25,1,16,16,0,0,0,0,0,0,0,0,0,0,0,0,0.0,0,
C,Travis Frederick,NFC,DAL,25,3,16,16,0,0,0,0,0,0,0,0,0,0,0,0,0.0,0,"AP: 1st Tm, FW: 1st Tm, PFF: 1st Tm, SN: 1st Tm"
C,Alex Mack,NFC,ATL,31,7,16,16,0,0,0,0,0,0,0,0,0,0,0,0,0.0,0,"AP: 2nd Tm, PFF: 2nd Tm"
C,Jason Kelce,NFC,PHI,29,5,16,16,0,0,0,0,0,0,0,0,0,0,0,0,0.0,0,
C,Maurkice Pouncey,AFC,PIT,27,6,15,15,0,0,0,0,0,0,0,0,0,0,0,0,0.0,0,
C,Rodney Hudson,AFC,OAK,27,5,16,16,0,0,0,0,0,0,0,0,0,0,0,0,0.0,0,
C,Jeremy Zuttah,AFC,BAL,30,8,16,16,0,0,0,0,0,0,0,0,0,0,0,0,0.0,0,
RG,David DeCastro,AFC,PIT,26,4,16,16,0,0,0,0,0,0,0,0,0,0,0,0,0.0,0,AP: 2nd Tm
RT,Trent Williams,NFC,WAS,28,6,12,12,0,0,0,0,0,0,0,0,0,0,0,0,0.0,0,"PFF: 1st Tm, SN: 1st Tm"
RT,Taylor Lewan,AFC,TEN,25,2,16,16,0,0,0,0,0,0,0,0,1,10,1,0,0.0,0,
DE,Khalil Mack,AFC,OAK,25,2,16,16,0,0,0,0,0,0,0,0,0,0,0,54,11.0,1,"AP: 1st Tm, FW: 1st Tm, PFF: 1st Tm, SN: 1st Tm"
DE,Jadeveon Clowney,AFC,HOU,23,2,14,14,0,0,0,0,0,0,0,0,0,0,0,40,6.0,0,"FW: 1st Tm, SN: 1st Tm, AP: 2nd Tm"
DE,Vic Beasley,NFC,ATL,24,1,16,12,0,0,0,0,0,0,0,0,0,0,0,32,15.5,0,"AP: 1st Tm, FW: 1st Tm"
DE,Cameron Wake,AFC,MIA,34,7,16,11,0,0,0,0,0,0,0,0,0,0,0,22,11.5,1,AP: 2nd Tm
DE,Carlos Dunlap,AFC,CIN,27,6,16,16,0,0,0,0,0,0,0,0,0,0,0,30,8.0,0,
DE,Everson Griffen,NFC,MIN,29,6,16,16,0,0,0,0,0,0,0,0,0,0,0,36,8.0,0,
DE,Leonard Williams,AFC,NYJ,22,1,16,16,0,0,0,0,0,0,0,0,0,0,0,36,7.0,0,
DE,Cliff Avril,NFC,SEA,30,8,16,16,0,0,0,0,0,0,0,0,0,0,0,20,11.5,0,
DE,Michael Bennett,NFC,SEA,31,7,11,11,0,0,0,0,0,0,0,0,0,0,0,24,5.0,0,
DT,Aaron Donald,NFC,LAR,25,2,16,16,0,0,0,0,0,0,0,0,0,0,0,36,8.0,0,"AP: 1st Tm, FW: 1st Tm, PFF: 1st Tm, SN: 1st Tm"
DT,Geno Atkins,AFC,CIN,28,6,16,16,0,0,0,0,0,0,0,0,0,0,0,21,9.0,0,SN: 1st Tm
DT,Ndamukong Suh,AFC,MIA,29,6,16,16,0,0,0,0,0,0,0,0,0,0,0,41,5.0,0,"AP: 2nd Tm, PFF: 2nd Tm"
DT,Gerald McCoy,NFC,TAM,28,6,15,15,0,0,0,0,0,0,0,0,0,0,0,25,7.0,0,AP: 2nd Tm
DT,Kyle Williams,AFC,BUF,33,10,15,15,0,0,0,0,0,0,0,0,0,0,0,42,5.0,0,
DT,Linval Joseph,NFC,MIN,28,6,16,16,0,0,0,0,0,0,0,0,0,0,0,37,4.0,0,
DT,Jurrell Casey,AFC,TEN,27,5,15,15,0,0,0,0,0,0,0,0,0,0,0,31,5.0,0,
DT,Fletcher Cox,NFC,PHI,26,4,16,16,0,0,0,0,0,0,0,0,0,0,0,27,6.5,0,
OLB,Von Miller,AFC,DEN,27,5,16,16,0,0,0,0,0,0,0,0,0,0,0,62,13.5,0,"AP: 1st Tm, FW: 1st Tm, PFF: 2nd Tm, SN: 1st Tm"
OLB,Lorenzo Alexander,AFC,BUF,33,9,16,16,0,0,0,0,0,0,0,0,0,0,0,50,12.5,1,AP: 2nd Tm
OLB,K.J. Wright,NFC,SEA,27,5,16,16,0,0,0,0,0,0,0,0,0,0,0,70,4.0,0,PFF: 2nd Tm
OLB,Thomas Davis,NFC,CAR,33,11,16,16,0,0,0,0,0,0,0,0,0,0,0,73,2.5,3,
OLB,Brian Orakpo,AFC,TEN,30,7,16,16,0,0,0,0,0,0,0,0,0,0,0,38,10.5,0,
MLB,Bobby Wagner,NFC,SEA,26,4,16,16,0,0,0,0,0,0,0,0,0,0,0,86,4.5,1,"AP: 1st Tm, FW: 1st Tm, PFF: 1st Tm, SN: 1st Tm"
MLB,Ryan Shazier,AFC,PIT,24,2,13,12,0,0,0,0,0,0,0,0,0,0,0,55,3.5,3,
LB,Luke Kuechly,NFC,CAR,25,4,10,10,0,0,0,0,0,0,0,0,0,0,0,71,2.0,1,"AP: 2nd Tm, PFF: 1st Tm, SN: 1st Tm"
LB,Sean Lee,NFC,DAL,30,6,15,15,0,0,0,0,0,0,0,0,0,0,0,93,0.0,0,"AP: 1st Tm, PFF: 1st Tm"
LB,Dont'a Hightower,AFC,NWE,26,4,13,13,0,0,0,0,0,0,0,0,0,0,0,31,2.5,0,"AP: 2nd Tm, PFF: 2nd Tm"
LB,Zach Brown,AFC,BUF,27,4,16,16,0,0,0,0,0,0,0,0,0,0,0,97,4.0,1,AP: 2nd Tm
LB,C.J. Mosley,AFC,BAL,24,2,14,14,0,0,0,0,0,0,0,0,0,0,0,56,0.0,4,AP: 2nd Tm
LB,Anthony Barr,NFC,MIN,24,2,16,16,0,0,0,0,0,0,0,0,0,0,0,37,2.0,0,
LB,Ryan Kerrigan,NFC,WAS,28,5,16,16,0,0,0,0,0,0,0,0,0,0,0,26,11.0,0,
CB,Aqib Talib,AFC,DEN,30,8,13,13,0,0,0,0,0,0,0,0,0,0,0,32,0.0,3,"AP: 1st Tm, FW: 1st Tm, PFF: 1st Tm, SN: 1st Tm"
CB,Marcus Peters,AFC,KAN,23,1,15,15,0,0,0,0,0,0,0,0,0,0,0,35,0.0,6,"AP: 1st Tm, FW: 1st Tm, SN: 1st Tm"
CB,Chris Harris,AFC,DEN,27,5,16,15,0,0,0,0,0,0,0,0,0,0,0,57,0.0,2,"AP: 1st Tm, PFF: 1st Tm"
CB,Janoris Jenkins,NFC,NYG,28,4,15,15,0,0,0,0,0,0,0,0,0,0,0,44,1.0,3,"AP: 2nd Tm, PFF: 2nd Tm"
CB,Casey Hayward,AFC,SDG,27,4,16,14,0,0,0,0,0,0,0,0,0,0,0,50,0.0,7,"AP: 2nd Tm, PFF: 2nd Tm"
CB,Stephon Gilmore,AFC,BUF,26,4,15,15,0,0,0,0,0,0,0,0,0,0,0,42,0.0,5,
CB,Patrick Peterson,NFC,ARI,26,5,16,16,0,0,0,0,0,0,0,0,0,0,0,44,0.0,3,
CB,Xavier Rhodes,NFC,MIN,26,3,14,14,0,0,0,0,0,0,0,0,0,0,0,44,0.0,5,
CB,Richard Sherman,NFC,SEA,28,5,16,16,0,0,0,0,0,0,0,0,0,0,0,38,0.0,4,
SS,Landon Collins,NFC,NYG,22,1,16,16,0,0,0,0,0,0,0,0,0,0,0,100,4.0,5,"AP: 1st Tm, FW: 1st Tm, PFF: 1st Tm, SN: 1st Tm"
SS,Eric Berry,AFC,KAN,28,6,16,16,0,0,0,0,0,0,0,0,0,0,0,62,0.0,4,"AP: 1st Tm, FW: 1st Tm, SN: 1st Tm"
SS,Darian Stewart,AFC,DEN,28,6,16,16,0,0,0,0,0,0,0,0,0,0,0,55,0.0,3,
FS,Devin McCourty,AFC,NWE,29,6,16,16,0,0,0,0,0,0,0,0,0,0,0,64,0.0,1,"AP: 2nd Tm, PFF: 2nd Tm"
FS,Harrison Smith,NFC,MIN,27,4,14,14,0,0,0,0,0,0,0,0,0,0,0,69,2.0,0,
FS,Reggie Nelson,AFC,OAK,33,9,16,16,0,0,0,0,0,0,0,0,0,0,0,50,0.0,5,
LS,Jake McQuaide,NFC,LAR,29,5,16,0,0,0,0,0,0,0,0,0,0,0,0,0,0.0,0,
LS,Morgan Cox,AFC,BAL,30,6,16,0,0,0,0,0,0,0,0,0,0,0,0,0,0.0,0,
S,Eric Weddle,AFC,BAL,31,9,16,16,0,0,0,0,0,0,0,0,0,0,0,48,1.0,4,PFF: 1st Tm
S,Ha Ha Clinton-Dix,NFC,GNB,24,2,16,16,0,0,0,0,0,0,0,0,0,0,0,61,0.5,5,AP: 2nd Tm
RS,Cordarrelle Patterson,NFC,MIN,25,3,16,8,0,0,0,0,0,7,43,0,52,453,2,0,0.0,0,"AP: 1st Tm, FW: 1st Tm, SN: 1st Tm"
K,Justin Tucker,AFC,BAL,27,4,16,0,0,1,0,0,0,0,0,0,0,0,0,0,0.0,0,"AP: 1st Tm, FW: 1st Tm, PFF: 1st Tm, SN: 1st Tm"
K,Matt Bryant,NFC,ATL,41,14,16,0,0,0,0,0,0,0,0,0,0,0,0,0,0.0,0,PFF: 2nd Tm
K,Matt Prater,NFC,DET,32,9,16,0,0,0,0,0,0,0,0,0,0,0,0,0,0.0,0,
P,Johnny Hekker,NFC,LAR,26,4,16,0,1,2,4,0,0,0,0,0,0,0,0,0,0.0,0,"AP: 1st Tm, FW: 1st Tm, PFF: 2nd Tm"
P,Pat McAfee,AFC,IND,29,7,16,0,1,1,35,0,0,1,0,0,0,0,0,0,0.0,0,"PFF: 1st Tm, SN: 1st Tm"
P,Dustin Colquitt,AFC,KAN,34,11,16,0,0,0,0,0,0,0,0,0,0,0,0,0,0.0,0,
ST,Matthew Slater,AFC,NWE,31,8,13,0,0,0,0,0,0,1,5,0,0,0,0,0,0.0,0,"AP: 1st Tm, FW: 1st Tm"
ST,D.J. Alexander,AFC,KAN,25,1,16,1,0,0,0,0,0,0,0,0,0,0,0,5,0.0,0,
ST,Dwayne Harris,NFC,NYG,29,5,16,1,0,0,0,0,0,0,0,0,1,13,1,1,0.0,0,
QB,Tom Brady,AFC,NWE,40,17,16,16,385,581,4577,32,8,25,28,0,0,0,0,0,0.0,0,"AP: 1st Tm, FW: 1st Tm, PFF: 1st Tm, SN: 1st Tm"
QB,Carson Wentz,NFC,PHI,25,1,13,13,265,440,3296,33,7,64,299,0,0,0,0,0,0.0,0,AP: 2nd Tm
QB,Alex Smith,AFC,KAN,33,12,15,15,341,505,4042,26,5,60,355,1,0,0,0,0,0.0,0,
QB,Drew Brees,NFC,NOR,38,16,16,16,386,536,4334,23,8,33,12,2,0,0,0,0,0.0,0,
QB,Ben Roethlisberger,AFC,PIT,35,13,15,15,360,561,4251,28,14,28,47,0,0,0,0,0,0.0,0,
QB,Derek Carr,AFC,OAK,26,3,15,15,323,515,3496,22,13,23,66,0,0,0,0,0,0.0,0,
QB,Jared Goff,NFC,LAR,23,1,15,15,296,477,3804,28,7,28,51,1,0,0,0,0,0.0,0,
QB,Philip Rivers,AFC,LAC,36,13,16,16,360,575,4515,28,10,18,-2,0,0,0,0,0,0.0,0,
QB,Russell Wilson,NFC,SEA,29,5,16,16,339,553,3983,34,11,95,586,3,0,0,0,0,0.0,0,
RB,Todd Gurley,NFC,LAR,23,2,15,15,0,0,0,0,0,279,1305,13,64,788,6,0,0.0,0,"AP: 1st Tm, FW: 1st Tm, PFF: 1st Tm, SN: 1st Tm"
RB,Le'Veon Bell,AFC,PIT,25,4,15,15,0,0,0,0,0,321,1291,9,85,655,2,0,0.0,0,"AP: 1st Tm, AP: 2nd Tm, FW: 1st Tm, SN: 1st Tm"
RB,Alvin Kamara,NFC,NOR,22,Rook,16,3,0,0,0,0,0,120,728,8,81,826,5,0,0.0,0,"AP: 2nd Tm, PFF: 2nd Tm"
RB,LeSean McCoy,AFC,BUF,29,8,16,16,0,0,0,0,0,287,1138,6,59,448,2,0,0.0,0,
RB,Kareem Hunt,AFC,KAN,22,Rook,16,16,0,0,0,0,0,272,1327,8,53,455,3,0,0.0,0,
RB,Mark Ingram,NFC,NOR,28,6,16,13,0,0,0,0,0,230,1124,12,58,416,0,0,0.0,0,
FB,James Develin,AFC,NWE,29,6,16,7,0,0,0,0,0,0,0,0,6,38,0,0,0.0,0,
FB,Roosevelt Nix,AFC,PIT,25,2,16,4,0,0,0,0,0,3,0,1,2,6,1,0,0.0,0,
FB,Kyle Juszczyk,NFC,SFO,26,4,14,10,0,0,0,0,0,7,31,0,33,315,1,0,0.0,0,
WR,Antonio Brown,AFC,PIT,29,7,14,14,0,0,0,0,0,0,0,0,101,1533,9,0,0.0,0,"AP: 1st Tm, FW: 1st Tm, PFF: 1st Tm, SN: 1st Tm"
WR,DeAndre Hopkins,AFC,HOU,25,4,15,15,0,0,0,0,0,0,0,0,96,1378,13,0,0.0,0,"AP: 1st Tm, FW: 1st Tm, PFF: 1st Tm"
WR,Julio Jones,NFC,ATL,28,6,16,16,0,0,0,0,0,1,15,0,88,1444,3,0,0.0,0,"AP: 2nd Tm, PFF: 1st Tm, SN: 1st Tm"
WR,Adam Thielen,NFC,MIN,27,4,16,16,0,0,0,0,0,1,11,0,91,1276,4,0,0.0,0,AP: 2nd Tm
WR,Michael Thomas,NFC,NOR,24,1,16,14,0,0,0,0,0,0,0,0,104,1245,5,0,0.0,0,PFF: 2nd Tm
WR,Keenan Allen,AFC,LAC,25,4,16,15,0,0,0,0,0,2,9,0,102,1393,6,0,0.0,1,PFF: 2nd Tm
WR,A.J. Green,AFC,CIN,29,6,16,16,0,0,0,0,0,0,0,0,75,1078,8,0,0.0,0,
WR,T.Y. Hilton,AFC,IND,28,5,16,16,0,0,0,0,0,0,0,0,57,966,4,0,0.0,0,
WR,Larry Fitzgerald,NFC,ARI,34,13,16,16,1,1,21,0,0,0,0,0,109,1156,6,0,0.0,0,
WR,Davante Adams,NFC,GNB,25,3,14,14,0,0,0,0,0,0,0,0,74,885,10,0,0.0,0,
WR,Jarvis Landry,AFC,MIA,25,3,16,16,0,1,0,0,0,1,-7,0,112,987,9,0,0.0,0,
WR,Doug Baldwin,NFC,SEA,29,6,16,16,0,0,0,0,0,2,-8,0,75,991,8,0,0.0,0,
TE,Rob Gronkowski,AFC,NWE,28,7,14,14,0,0,0,0,0,0,0,0,69,1084,8,0,0.0,0,"AP: 1st Tm, FW: 1st Tm, PFF: 1st Tm"
TE,Travis Kelce,AFC,KAN,28,4,15,15,0,1,0,0,1,2,7,0,83,1038,8,0,0.0,0,"AP: 2nd Tm, SN: 1st Tm"
TE,Jack Doyle,AFC,IND,27,4,15,15,0,0,0,0,0,0,0,0,80,690,4,0,0.0,0,
TE,Jason Witten,NFC,DAL,35,14,16,16,0,0,0,0,0,0,0,0,63,560,5,0,0.0,0,
TE,Kyle Rudolph,NFC,MIN,28,6,16,16,0,0,0,0,0,0,0,0,57,532,8,1,0.0,0,
TE,Delanie Walker,AFC,TEN,33,11,16,11,0,0,0,0,0,2,-2,1,74,807,3,0,0.0,0,
TE,Zach Ertz,NFC,PHI,27,4,14,13,0,0,0,0,0,0,0,0,74,824,8,0,0.0,0,
TE,Jimmy Graham,NFC,SEA,31,7,16,13,0,0,0,0,0,0,0,0,57,520,10,0,0.0,0,
T,Lane Johnson,NFC,PHI,27,4,15,15,0,0,0,0,0,0,0,0,0,0,0,0,0.0,0,"AP: 1st Tm, FW: 1st Tm"
T,Andrew Whitworth,NFC,LAR,36,11,15,15,0,0,0,0,0,0,0,0,0,0,0,0,0.0,0,"AP: 1st Tm, FW: 1st Tm"
T,Taylor Lewan,AFC,TEN,26,3,16,16,0,0,0,0,0,0,0,0,0,0,0,0,0.0,0,SN: 1st Tm
T,Trent Williams,NFC,WAS,29,7,10,10,0,0,0,0,0,0,0,0,0,0,0,0,0.0,0,SN: 1st Tm
T,Joe Staley,NFC,SFO,33,10,15,15,0,0,0,0,0,0,0,0,0,0,0,0,0.0,0,PFF: 2nd Tm
T,Duane Brown,AFC,2TM,32,9,10,10,0,0,0,0,0,0,0,0,0,0,0,0,0.0,0,
T,Tyron Smith,NFC,DAL,27,6,13,13,0,0,0,0,0,0,0,0,0,0,0,0,0.0,0,
T,Alejandro Villanueva,AFC,PIT,29,3,16,16,0,0,0,0,0,0,0,0,0,0,0,0,0.0,0,
T,Donald Penn,AFC,OAK,34,10,14,14,0,0,0,0,0,0,0,0,0,0,0,0,0.0,0,
T,Russell Okung,AFC,LAC,30,7,15,15,0,0,0,0,0,0,0,0,0,0,0,0,0.0,0,
OG,Brandon Scherff,NFC,WAS,26,2,14,14,0,0,0,0,0,0,0,0,0,0,0,0,0.0,0,
G,David DeCastro,AFC,PIT,27,5,15,15,0,0,0,0,0,0,0,0,0,0,0,0,0.0,0,"AP: 1st Tm, FW: 1st Tm, PFF: 1st Tm, SN: 1st Tm"
G,Zack Martin,NFC,DAL,27,3,16,16,0,0,0,0,0,0,0,0,0,0,0,0,0.0,0,"AP: 2nd Tm, FW: 1st Tm, PFF: 2nd Tm, SN: 1st Tm"
G,Richie Incognito,AFC,BUF,34,11,16,16,0,0,0,0,0,0,0,0,0,0,0,0,0.0,0,
G,Trai Turner,NFC,CAR,24,3,13,13,0,0,0,0,0,0,0,0,0,0,0,0,0.0,0,
G,T.J. Lang,NFC,DET,30,8,13,13,0,0,0,0,0,0,0,0,0,0,0,0,0.0,0,
G,Larry Warford,NFC,NOR,26,4,14,14,0,0,0,0,0,0,0,0,0,0,0,0,0.0,0,
G,Brandon Brooks,NFC,PHI,28,5,16,16,0,0,0,0,0,0,0,0,0,0,0,0,0.0,0,
G,Kelechi Osemele,AFC,OAK,28,5,16,16,0,0,0,0,0,0,0,0,0,0,0,0,0.0,0,
C,Alex Mack,NFC,ATL,32,8,16,16,0,0,0,0,0,0,0,0,0,0,0,0,0.0,0,"AP: 2nd Tm, SN: 1st Tm"
C,Travis Frederick,NFC,DAL,26,4,16,16,0,0,0,0,0,0,0,0,0,0,0,0,0.0,0,PFF: 2nd Tm
C,Maurkice Pouncey,AFC,PIT,28,7,15,15,0,0,0,0,0,0,0,0,0,0,0,0,0.0,0,
C,Rodney Hudson,AFC,OAK,28,6,16,16,0,0,0,0,0,0,0,0,0,0,0,0,0.0,0,
DE,Cameron Jordan,NFC,NOR,28,6,16,16,0,0,0,0,0,0,0,0,0,0,0,48,13.0,1,"AP: 1st Tm, FW: 1st Tm, PFF: 1st Tm, SN: 1st Tm"
DE,Calais Campbell,AFC,JAX,31,9,16,16,0,0,0,0,0,0,0,0,0,0,0,47,14.5,0,"AP: 1st Tm, AP: 2nd Tm, FW: 1st Tm, PFF: 2nd Tm"
DE,Everson Griffen,NFC,MIN,30,7,15,15,0,0,0,0,0,0,0,0,0,0,0,31,13.0,0,"SN: 1st Tm, AP: 2nd Tm"
DE,Cameron Heyward,AFC,PIT,28,6,15,15,0,0,0,0,0,0,0,0,0,0,0,30,12.0,0,AP: 1st Tm
DE,Demarcus Lawrence,NFC,DAL,25,3,16,16,0,0,0,0,0,0,0,0,0,0,0,35,14.5,0,"AP: 2nd Tm, PFF: 2nd Tm"
DE,Jadeveon Clowney,AFC,HOU,24,3,16,16,0,0,0,0,0,0,0,0,0,0,0,41,9.5,0,
DE,Yannick Ngakoue,AFC,JAX,22,1,16,16,0,0,0,0,0,0,0,0,0,0,0,24,12.0,0,
DE,Joey Bosa,AFC,LAC,22,1,16,16,0,0,0,0,0,0,0,0,0,0,0,54,12.5,0,
DE,Melvin Ingram,AFC,LAC,28,5,16,16,0,0,0,0,0,0,0,0,0,0,0,43,10.5,0,
DE,Michael Bennett,NFC,SEA,32,8,16,16,0,0,0,0,0,0,0,0,0,0,0,25,8.5,0,
DT,Aaron Donald,NFC,LAR,26,3,14,14,0,0,0,0,0,0,0,0,0,0,0,32,11.0,0,"AP: 1st Tm, FW: 1st Tm, PFF: 1st Tm, SN: 1st Tm"
DT,Fletcher Cox,NFC,PHI,27,5,14,14,0,0,0,0,0,0,0,0,0,0,0,15,5.5,0,"AP: 2nd Tm, FW: 1st Tm, SN: 1st Tm"
DT,Mike Daniels,NFC,GNB,28,5,14,14,0,0,0,0,0,0,0,0,0,0,0,34,5.0,0,
DT,Malik Jackson,AFC,JAX,27,5,16,16,0,0,0,0,0,0,0,0,0,0,0,31,8.0,0,
DT,Linval Joseph,NFC,MIN,29,7,16,16,0,0,0,0,0,0,0,0,0,0,0,40,3.5,0,
DT,Jurrell Casey,AFC,TEN,28,6,16,16,0,0,0,0,0,0,0,0,0,0,0,41,6.0,0,
DT,Gerald McCoy,NFC,TAM,29,7,15,15,0,0,0,0,0,0,0,0,0,0,0,33,6.0,0,
NT,Geno Atkins,AFC,CIN,29,7,16,15,0,0,0,0,0,0,0,0,0,0,0,29,9.0,0,PFF: 1st Tm
OLB,Thomas Davis,NFC,CAR,34,12,15,15,0,0,0,0,0,0,0,0,0,0,0,52,2.5,0,
OLB,Terrell Suggs,AFC,BAL,35,14,16,16,0,0,0,0,0,0,0,0,0,0,0,37,11.0,0,
LB,Bobby Wagner,NFC,SEA,27,5,16,16,0,0,0,0,0,0,0,0,0,0,0,97,1.5,2,"AP: 1st Tm, FW: 1st Tm, PFF: 1st Tm, SN: 1st Tm"
LB,Luke Kuechly,NFC,CAR,26,5,15,15,0,0,0,0,0,0,0,0,0,0,0,74,1.5,3,"AP: 1st Tm, PFF: 1st Tm, SN: 1st Tm"
LB,Chandler Jones,NFC,ARI,27,5,16,16,0,0,0,0,0,0,0,0,0,0,0,51,17.0,0,"AP: 1st Tm, FW: 1st Tm, SN: 1st Tm"
LB,Von Miller,AFC,DEN,28,6,16,16,0,0,0,0,0,0,0,0,0,0,0,51,10.0,0,"AP: 2nd Tm, FW: 1st Tm, PFF: 1st Tm"
LB,Deion Jones,NFC,ATL,23,1,16,16,0,0,0,0,0,0,0,0,0,0,0,91,1.0,3,PFF: 2nd Tm
LB,Telvin Smith,AFC,JAX,26,3,14,14,0,0,0,0,0,0,0,0,0,0,0,76,1.0,3,AP: 2nd Tm
LB,C.J. Mosley,AFC,BAL,25,3,16,16,0,0,0,0,0,0,0,0,0,0,0,96,1.0,2,AP: 2nd Tm
LB,Joe Schobert,AFC,CLE,24,1,16,16,0,0,0,0,0,0,0,0,0,0,0,85,3.0,1,
LB,Anthony Barr,NFC,MIN,25,3,16,16,0,0,0,0,0,0,0,0,0,0,0,52,1.0,0,
LB,Ryan Shazier,AFC,PIT,25,3,12,12,0,0,0,0,0,0,0,0,0,0,0,68,0.0,3,
LB,Khalil Mack,AFC,OAK,26,3,16,16,0,0,0,0,0,0,0,0,0,0,0,61,10.5,0,
LB,Kwon Alexander,NFC,TAM,23,2,12,12,0,0,0,0,0,0,0,0,0,0,0,70,0.0,3,
LB,Ryan Kerrigan,NFC,WAS,29,6,16,16,0,0,0,0,0,0,0,0,0,0,0,34,13.0,1,
CB,Jalen Ramsey,AFC,JAX,23,1,16,16,0,0,0,0,0,0,0,0,0,0,0,52,0.0,4,"AP: 1st Tm, FW: 1st Tm, PFF: 1st Tm, SN: 1st Tm"
CB,Xavier Rhodes,NFC,MIN,27,4,16,16,0,0,0,0,0,0,0,0,0,0,0,44,0.0,2,"AP: 1st Tm, FW: 1st Tm, SN: 1st Tm, AP: 2nd Tm"
CB,Casey Hayward,AFC,LAC,28,5,16,16,0,0,0,0,0,0,0,0,0,0,0,33,0.0,4,"PFF: 1st Tm, AP: 2nd Tm"
CB,Darius Slay,NFC,DET,26,4,16,16,0,0,0,0,0,0,0,0,0,0,0,54,0.0,8,AP: 1st Tm
CB,A.J. Bouye,AFC,JAX,26,4,16,16,0,0,0,0,0,0,0,0,0,0,0,53,0.0,6,"AP: 2nd Tm, PFF: 2nd Tm"
CB,Patrick Peterson,NFC,ARI,27,6,16,16,0,0,0,0,0,0,0,0,0,0,0,30,0.0,1,
CB,Aqib Talib,AFC,DEN,31,9,15,15,0,0,0,0,0,0,0,0,0,0,0,23,0.0,1,
CB,Marshon Lattimore,NFC,NOR,21,Rook,13,13,0,0,0,0,0,0,0,0,0,0,0,43,0.0,5,
SS,Harrison Smith,NFC,MIN,28,5,16,16,0,0,0,0,0,0,0,0,0,0,0,61,1.5,5,"AP: 1st Tm, FW: 1st Tm, PFF: 1st Tm, SN: 1st Tm"
SS,Kevin Byard,AFC,TEN,24,1,16,16,0,0,0,0,0,0,0,0,0,0,0,62,0.0,8,"AP: 1st Tm, FW: 1st Tm, PFF: 1st Tm"
SS,Micah Hyde,AFC,BUF,27,4,16,16,0,0,0,0,0,0,0,0,0,0,0,65,0.0,5,AP: 2nd Tm
SS,Keanu Neal,NFC,ATL,22,1,16,16,0,0,0,0,0,0,0,0,0,0,0,81,0.0,1,
SS,Reshad Jones,AFC,MIA,29,7,16,16,0,0,0,0,0,0,0,0,0,0,0,94,1.5,2,
SS,Landon Collins,NFC,NYG,23,2,15,15,0,0,0,0,0,0,0,0,0,0,0,74,0.0,2,
SS,Malcolm Jenkins,NFC,PHI,30,8,16,16,0,0,0,0,0,0,0,0,0,0,0,57,1.0,2,
FS,Earl Thomas,NFC,SEA,28,7,14,14,0,0,0,0,0,0,0,0,0,0,0,56,0.0,2,"AP: 2nd Tm, SN: 1st Tm"
FS,Eric Weddle,AFC,BAL,32,10,16,16,0,0,0,0,0,0,0,0,0,0,0,49,1.0,6,
LS,Clark Harris,AFC,CIN,33,9,16,0,0,0,0,0,0,0,0,0,0,0,0,0,0.0,0,
LS,Jake McQuaide,NFC,LAR,30,6,16,0,0,0,0,0,0,0,0,0,0,0,0,0,0.0,0,
K,Greg Zuerlein,NFC,LAR,30,5,14,0,0,0,0,0,0,0,0,0,0,0,0,0,0.0,0,"AP: 1st Tm, FW: 1st Tm, SN: 1st Tm"
K,Graham Gano,NFC,CAR,30,8,16,0,0,0,0,0,0,0,0,0,0,0,0,0,0.0,0,
K,Chris Boswell,AFC,PIT,26,2,16,0,0,0,0,0,0,0,0,0,0,0,0,0,0.0,0,
P,Johnny Hekker,NFC,LAR,27,5,16,0,2,3,34,0,0,0,0,0,0,0,0,0,0.0,0,"AP: 1st Tm, FW: 1st Tm"
P,Brett Kern,AFC,TEN,31,9,16,0,0,0,0,0,0,0,0,0,0,0,0,0,0.0,0,"SN: 1st Tm, AP: 2nd Tm, PFF: 2nd Tm"
PR,Pharoh Cooper,NFC,LAR,22,1,16,1,0,0,0,0,0,1,6,0,11,84,0,0,0.0,0,"AP: 1st Tm, FW: 1st Tm, PFF: 1st Tm, SN: 1st Tm, AP: 2nd Tm"
PR,Tyreek Hill,AFC,KAN,23,1,15,13,0,1,0,0,1,17,59,0,75,1183,7,0,0.0,0,
ST,Budda Baker,NFC,ARI,21,Rook,16,7,0,0,0,0,0,0,0,0,0,0,0,45,1.0,0,"AP: 1st Tm, FW: 1st Tm, PFF: 2nd Tm"
ST,Matthew Slater,AFC,NWE,32,9,9,0,0,0,0,0,0,0,0,0,0,0,0,0,0.0,0,AP: 2nd Tm
ST,Brynden Trawick,AFC,TEN,28,4,16,0,0,0,0,0,0,0,0,0,0,0,0,0,0.0,0,
QB,Patrick Mahomes,AFC,KAN,23,1,16,16,383,580,5097,50,12,60,272,2,0,0,0,0,0.0,0,"AP: 1st Tm, FW: 1st Tm, PFF: 1st Tm"
QB,Drew Brees,NFC,NOR,39,17,15,15,364,489,3992,32,5,31,22,4,1,1,0,0,0.0,0,"AP: 2nd Tm, PFF: 2nd Tm, SN: 1st Tm"
QB,Mitchell Trubisky,NFC,CHI,24,1,14,14,289,434,3223,24,12,68,421,3,0,0,0,0,0.0,0,
QB,Andrew Luck,AFC,IND,29,6,16,16,430,639,4593,39,15,46,148,0,1,4,0,0,0.0,0,
QB,Dak Prescott,NFC,DAL,25,2,16,16,356,526,3885,22,8,75,305,6,0,0,0,0,0.0,0,
QB,Aaron Rodgers,NFC,GNB,35,13,16,16,372,597,4442,25,2,43,269,2,0,0,0,0,0.0,0,
QB,Deshaun Watson,AFC,HOU,23,1,16,16,345,505,4165,26,9,99,551,5,0,0,0,0,0.0,0,
QB,Tom Brady,AFC,NWE,41,18,16,16,375,570,4355,29,11,23,35,2,1,6,0,0,0.0,0,
QB,Jared Goff,NFC,LAR,24,2,16,16,364,561,4688,32,12,43,108,2,0,0,0,0,0.0,0,
QB,Philip Rivers,AFC,LAC,37,14,16,16,347,508,4308,32,12,18,7,0,0,0,0,0,0.0,0,
QB,Russell Wilson,NFC,SEA,30,6,16,16,280,427,3448,35,7,67,376,0,1,-11,0,0,0.0,0,
RB,Todd Gurley,NFC,LAR,24,3,14,14,0,0,0,0,0,256,1251,17,59,580,4,0,0.0,0,"AP: 1st Tm, FW: 1st Tm, SN: 1st Tm"
RB,Saquon Barkley,NFC,NYG,21,Rook,16,16,0,0,0,0,0,261,1307,11,91,721,4,0,0.0,0,"PFF: 1st Tm, SN: 1st Tm"
RB,Ezekiel Elliott,NFC,DAL,23,2,15,15,0,0,0,0,0,304,1434,6,77,567,3,0,0.0,0,"FW: 1st Tm, AP: 2nd Tm"
RB,Alvin Kamara,NFC,NOR,23,1,15,13,0,0,0,0,0,194,883,14,81,709,4,0,0.0,0,PFF: 2nd Tm
RB,Phillip Lindsay,AFC,DEN,24,Rook,15,8,0,0,0,0,0,192,1037,9,35,241,1,1,0.0,0,
RB,Lamar Miller,AFC,HOU,27,6,14,14,0,0,0,0,0,210,973,5,25,163,1,0,0.0,0,
RB,James Conner,AFC,PIT,23,1,13,12,0,0,0,0,0,215,973,12,55,497,1,0,0.0,0,
RB,Melvin Gordon,AFC,LAC,25,3,12,12,0,0,0,0,0,175,885,10,50,490,4,0,0.0,0,
FB,Anthony Sherman,AFC,KAN,30,7,16,1,0,0,0,0,0,1,2,0,8,96,1,2,0.0,0,
FB,Kyle Juszczyk,NFC,SFO,27,5,16,14,0,0,0,0,0,8,30,0,30,324,1,0,0.0,0,
WR,DeAndre Hopkins,AFC,HOU,26,5,16,16,0,1,0,0,0,1,-7,0,115,1572,11,0,0.0,0,"AP: 1st Tm, FW: 1st Tm, PFF: 1st Tm, SN: 1st Tm"
WR,Michael Thomas,NFC,NOR,25,2,16,16,0,0,0,0,0,0,0,0,125,1405,9,0,0.0,0,"AP: 1st Tm, FW: 1st Tm, PFF: 1st Tm, SN: 1st Tm"
WR,Tyreek Hill,AFC,KAN,24,2,16,16,0,0,0,0,0,22,151,1,87,1479,12,0,0.0,0,"AP: 1st Tm, AP: 2nd Tm, PFF: 1st Tm"
WR,Julio Jones,NFC,ATL,29,7,16,16,0,0,0,0,0,2,12,0,113,1677,8,0,0.0,0,"AP: 2nd Tm, FW: 1st Tm, PFF: 2nd Tm"
WR,Keenan Allen,AFC,LAC,26,5,16,14,0,0,0,0,0,9,75,0,97,1196,6,0,0.0,0,PFF: 2nd Tm
WR,Amari Cooper,NFC,2TM,24,3,15,15,0,0,0,0,0,2,20,0,75,1005,7,0,0.0,0,
WR,Jarvis Landry,AFC,CLE,26,4,16,14,1,2,63,0,0,3,60,1,81,976,4,0,0.0,0,
WR,Davante Adams,NFC,GNB,26,4,15,15,0,0,0,0,0,0,0,0,111,1386,13,0,0.0,0,
WR,Adam Thielen,NFC,MIN,28,5,16,16,0,0,0,0,0,5,30,0,113,1373,9,0,0.0,0,
WR,Antonio Brown,AFC,PIT,30,8,15,15,0,1,0,0,0,0,0,0,104,1297,15,0,0.0,0,
WR,JuJu Smith-Schuster,AFC,PIT,22,1,16,13,0,0,0,0,0,1,13,0,111,1426,7,0,0.0,0,
WR,Mike Evans,NFC,TAM,25,4,16,16,0,0,0,0,0,0,0,0,86,1524,8,0,0.0,0,
TE,Travis Kelce,AFC,KAN,29,5,16,16,0,0,0,0,0,0,0,0,103,1336,10,0,0.0,0,"AP: 1st Tm, FW: 1st Tm, PFF: 2nd Tm"
TE,George Kittle,NFC,SFO,25,1,16,16,0,0,0,0,0,1,10,0,88,1377,5,0,0.0,0,"PFF: 1st Tm, AP: 2nd Tm"
TE,Zach Ertz,NFC,PHI,28,5,16,16,0,0,0,0,0,0,0,0,116,1163,8,0,0.0,0,SN: 1st Tm
TE,Austin Hooper,NFC,ATL,24,2,16,7,0,0,0,0,0,0,0,0,71,660,4,0,0.0,0,
TE,Eric Ebron,AFC,IND,25,4,16,8,0,1,0,0,0,3,-8,1,66,750,13,0,0.0,0,
TE,Jared Cook,AFC,OAK,31,9,16,14,0,0,0,0,0,0,0,0,68,896,6,0,0.0,0,
T,Terron Armstead,NFC,NOR,27,5,10,10,0,0,0,0,0,0,0,0,0,0,0,0,0.0,0,"SN: 1st Tm, AP: 2nd Tm, PFF: 2nd Tm"
T,Tyron Smith,NFC,DAL,28,7,13,13,0,0,0,0,0,0,0,0,0,0,0,0,0.0,0,SN: 1st Tm
T,Jake Matthews,NFC,ATL,26,4,16,16,0,0,0,0,0,0,0,0,0,0,0,0,0.0,0,
T,Charles Leno,NFC,CHI,27,4,16,16,0,0,0,0,0,0,0,0,0,0,0,0,0.0,0,
T,Eric Fisher,AFC,KAN,27,5,16,16,0,0,0,0,0,0,0,0,0,0,0,0,0.0,0,
T,Taylor Lewan,AFC,TEN,27,4,15,15,0,0,0,0,0,0,0,0,0,0,0,0,0.0,0,
T,Lane Johnson,NFC,PHI,28,5,15,15,0,0,0,0,0,0,0,0,0,0,0,0,0.0,0,
T,Alejandro Villanueva,AFC,PIT,30,4,16,16,0,0,0,0,0,0,0,0,1,2,1,0,0.0,0,
T,Trent Williams,NFC,WAS,30,8,13,13,0,0,0,0,0,0,0,0,0,0,0,0,0.0,0,
G,Quenton Nelson,AFC,IND,22,Rook,16,16,0,0,0,0,0,0,0,0,0,0,0,0,0.0,0,"AP: 1st Tm, FW: 1st Tm, SN: 1st Tm, PFF: 2nd Tm"
G,Zack Martin,NFC,DAL,28,4,14,14,0,0,0,0,0,0,0,0,0,0,0,0,0.0,0,"AP: 1st Tm, FW: 1st Tm, PFF: 2nd Tm, SN: 1st Tm"
G,Joel Bitonio,AFC,CLE,27,4,16,16,0,0,0,0,0,0,0,0,0,0,0,0,0.0,0,"PFF: 1st Tm, AP: 2nd Tm"
G,Marshal Yanda,AFC,BAL,34,11,16,16,0,0,0,0,0,0,0,0,0,0,0,0,0.0,0,AP: 2nd Tm
G,Trai Turner,NFC,CAR,25,4,13,13,0,0,0,0,0,0,0,0,0,0,0,0,0.0,0,
G,Andrus Peat,NFC,NOR,25,3,13,13,0,0,0,0,0,0,0,0,0,0,0,0,0.0,0,
G,Larry Warford,NFC,NOR,27,5,15,15,0,0,0,0,0,0,0,0,0,0,0,0,0.0,0,
G,Brandon Brooks,NFC,PHI,29,6,16,16,0,0,0,0,0,0,0,0,0,0,0,0,0.0,0,
G,David DeCastro,AFC,PIT,28,6,14,14,0,0,0,0,0,0,0,0,0,0,0,0,0.0,0,
C,Maurkice Pouncey,AFC,PIT,29,8,16,16,0,0,0,0,0,0,0,0,0,0,0,0,0.0,0,AP: 2nd Tm
C,Alex Mack,NFC,ATL,33,9,16,16,0,0,0,0,0,0,0,0,0,0,0,1,0.0,0,
C,Cody Whitehair,NFC,CHI,26,2,16,16,0,0,0,0,0,0,0,0,0,0,0,0,0.0,0,
C,Max Unger,NFC,NOR,32,9,16,16,0,0,0,0,0,0,0,0,0,0,0,0,0.0,0,
C,Mike Pouncey,AFC,LAC,29,7,16,16,0,0,0,0,0,0,0,0,0,0,0,0,0.0,0,
DE,J.J. Watt,AFC,HOU,29,7,16,16,0,0,0,0,0,0,0,0,0,0,0,47,16.0,0,"AP: 1st Tm, AP: 2nd Tm, FW: 1st Tm, PFF: 1st Tm, SN: 1st Tm"
DE,Danielle Hunter,NFC,MIN,24,3,16,16,0,0,0,0,0,0,0,0,0,0,0,51,14.5,0,"FW: 1st Tm, SN: 1st Tm, AP: 2nd Tm"
DE,Myles Garrett,AFC,CLE,23,1,16,16,0,0,0,0,0,0,0,0,0,0,0,35,13.5,0,AP: 2nd Tm
DE,Cameron Jordan,NFC,NOR,29,7,16,16,0,0,0,0,0,0,0,0,0,0,0,35,12.0,0,AP: 2nd Tm
DE,Demarcus Lawrence,NFC,DAL,26,4,16,15,0,0,0,0,0,0,0,0,0,0,0,42,10.5,1,
DE,Calais Campbell,AFC,JAX,32,10,16,16,0,0,0,0,0,0,0,0,0,0,0,53,10.5,0,
DE,Melvin Ingram,AFC,LAC,29,6,16,16,0,0,0,0,0,1,0,0,0,0,0,28,7.0,1,
DT,Fletcher Cox,NFC,PHI,28,6,16,16,0,0,0,0,0,0,0,0,0,0,0,33,10.5,0,"AP: 1st Tm, FW: 1st Tm, PFF: 1st Tm, SN: 1st Tm"
DT,Aaron Donald,NFC,LAR,27,4,16,16,0,0,0,0,0,0,0,0,0,0,0,41,20.5,0,"AP: 1st Tm, FW: 1st Tm, PFF: 1st Tm, SN: 1st Tm"
DT,Akiem Hicks,NFC,CHI,29,6,16,16,0,0,0,0,0,1,1,1,0,0,0,41,7.5,0,PFF: 2nd Tm
DT,Kyle Williams,AFC,BUF,35,12,16,16,0,0,0,0,0,0,0,0,1,9,0,22,5.0,0,
DT,Kawann Short,NFC,CAR,29,5,14,14,0,0,0,0,0,0,0,0,0,0,0,29,3.0,0,
DT,Geno Atkins,AFC,CIN,30,8,16,16,0,0,0,0,0,0,0,0,0,0,0,24,10.0,0,
DT,Jurrell Casey,AFC,TEN,29,7,15,15,0,0,0,0,0,0,0,0,0,0,0,36,7.0,0,
DT,Cameron Heyward,AFC,PIT,29,7,16,16,0,0,0,0,0,0,0,0,0,0,0,29,8.0,0,
DT,Brandon Williams,AFC,BAL,29,5,16,16,0,0,0,0,0,0,0,0,0,0,0,21,1.0,0,
DT,DeForest Buckner,NFC,SFO,24,2,16,16,0,0,0,0,0,0,0,0,0,0,0,44,12.0,0,
OLB,Khalil Mack,NFC,CHI,27,4,14,13,0,0,0,0,0,0,0,0,0,0,0,37,12.5,1,"AP: 1st Tm, FW: 1st Tm, PFF: 1st Tm, SN: 1st Tm"
OLB,Von Miller,AFC,DEN,29,7,16,16,0,0,0,0,0,0,0,0,0,0,0,29,14.5,1,"AP: 2nd Tm, AP: 2nd Tm, FW: 1st Tm, PFF: 2nd Tm, SN: 1st Tm"
OLB,Jadeveon Clowney,AFC,HOU,25,4,15,14,0,0,0,0,0,0,0,0,0,0,0,38,9.0,0,
OLB,Dee Ford,AFC,KAN,27,4,16,16,0,0,0,0,0,0,0,0,0,0,0,42,13.0,0,
OLB,Anthony Barr,NFC,MIN,26,4,13,13,0,0,0,0,0,0,0,0,0,0,0,39,3.0,0,
OLB,Olivier Vernon,NFC,NYG,28,6,11,11,0,0,0,0,0,0,0,0,0,0,0,23,7.0,0,
OLB,T.J. Watt,AFC,PIT,24,1,16,16,0,0,0,0,0,0,0,0,0,0,0,50,13.0,0,
OLB,Ryan Kerrigan,NFC,WAS,30,7,16,16,0,0,0,0,0,0,0,0,0,0,0,30,13.0,0,
ILB,Luke Kuechly,NFC,CAR,27,6,16,16,0,0,0,0,0,0,0,0,0,0,0,93,2.0,1,"AP: 1st Tm, PFF: 1st Tm, SN: 1st Tm"
ILB,Bobby Wagner,NFC,SEA,28,6,15,15,0,0,0,0,0,0,0,0,0,0,0,84,1.0,1,"AP: 1st Tm, FW: 1st Tm, PFF: 1st Tm"
ILB,Leighton Vander Esch,NFC,DAL,22,Rook,16,11,0,0,0,0,0,0,0,0,0,0,0,102,0.0,2,"AP: 2nd Tm, PFF: 2nd Tm"
ILB,C.J. Mosley,AFC,BAL,26,4,15,15,0,0,0,0,0,0,0,0,0,0,0,70,0.5,1,AP: 2nd Tm
ILB,Benardrick McKinney,AFC,HOU,26,3,16,16,0,0,0,0,0,0,0,0,0,0,0,63,1.5,1,
CB,Kyle Fuller,NFC,CHI,26,4,16,16,0,0,0,0,0,0,0,0,0,0,0,45,0.0,7,"AP: 1st Tm, FW: 1st Tm, SN: 1st Tm, PFF: 2nd Tm"
CB,Stephon Gilmore,AFC,NWE,28,6,16,16,0,0,0,0,0,0,0,0,0,0,0,40,1.0,2,"AP: 1st Tm, FW: 1st Tm, PFF: 1st Tm"
CB,Patrick Peterson,NFC,ARI,28,7,16,16,0,0,0,0,0,0,0,0,0,0,0,45,1.0,2,"PFF: 2nd Tm, SN: 1st Tm"
CB,Byron Jones,NFC,DAL,26,3,16,16,0,0,0,0,0,0,0,0,0,0,0,56,0.0,0,"PFF: 1st Tm, AP: 2nd Tm"
CB,Xavien Howard,AFC,MIA,25,2,12,12,0,0,0,0,0,0,0,0,0,0,0,25,0.0,7,AP: 2nd Tm
CB,Denzel Ward,AFC,CLE,21,Rook,13,12,0,0,0,0,0,0,0,0,0,0,0,41,0.0,3,
CB,Chris Harris,AFC,DEN,29,7,12,12,0,0,0,0,0,0,0,0,0,0,0,40,1.0,3,
CB,Darius Slay,NFC,DET,27,5,15,15,0,0,0,0,0,0,0,0,0,0,0,40,0.0,3,
CB,Jalen Ramsey,AFC,JAX,24,2,16,16,0,0,0,0,0,0,0,0,0,0,0,62,0.0,3,
SS,Jamal Adams,AFC,NYJ,23,1,16,16,0,0,0,0,0,0,0,0,0,0,0,86,3.5,1,"PFF: 1st Tm, SN: 1st Tm, AP: 2nd Tm"
SS,Landon Collins,NFC,NYG,24,3,12,12,0,0,0,0,0,0,0,0,0,0,0,67,0.0,0,
SS,Malcolm Jenkins,NFC,PHI,31,9,16,16,0,0,0,0,0,0,0,0,0,0,0,79,1.0,1,
FS,Eddie Jackson,NFC,CHI,26,1,14,14,0,0,0,0,0,0,0,0,0,0,0,41,1.0,6,"AP: 1st Tm, FW: 1st Tm, PFF: 1st Tm, SN: 1st Tm"
FS,Derwin James,AFC,LAC,22,Rook,16,16,0,0,0,0,0,0,0,0,0,0,0,75,3.5,3,"AP: 1st Tm, FW: 1st Tm, AP: 2nd Tm, PFF: 2nd Tm"
FS,Harrison Smith,NFC,MIN,29,6,16,16,0,0,0,0,0,0,0,0,0,0,0,67,3.0,3,AP: 2nd Tm
FS,Eric Weddle,AFC,BAL,33,11,16,16,0,0,0,0,0,0,0,0,0,0,0,54,1.0,0,
LS,Casey Kreiter,AFC,DEN,28,2,16,0,0,0,0,0,0,0,0,0,0,0,0,0,0.0,0,
LS,Don Muhlbach,NFC,DET,37,14,16,0,0,0,0,0,0,0,0,0,0,0,0,0,0.0,0,
K,Aldrick Rosas,NFC,NYG,24,1,16,0,0,0,0,0,0,0,0,0,0,0,0,0,0.0,0,"PFF: 1st Tm, SN: 1st Tm, AP: 2nd Tm"
K,Jason Myers,AFC,NYJ,27,3,16,0,0,0,0,0,0,0,0,0,0,0,0,1,0.0,0,
P,Michael Dickson,NFC,SEA,22,Rook,16,0,0,0,0,0,0,1,9,0,0,0,0,0,0.0,0,"AP: 1st Tm, FW: 1st Tm, SN: 1st Tm"
P,Brett Kern,AFC,TEN,32,10,16,0,0,0,0,0,0,0,0,0,0,0,0,1,0.0,0,
PR,Andre Roberts,AFC,NYJ,30,8,16,1,0,0,0,0,0,2,20,0,10,79,1,0,0.0,0,"AP: 1st Tm, FW: 1st Tm, PFF: 1st Tm, SN: 1st Tm"
PR,Tarik Cohen,NFC,CHI,23,1,16,7,1,1,1,1,0,99,444,3,71,725,5,0,0.0,0,"AP: 1st Tm, FW: 1st Tm, SN: 1st Tm"
ST,Adrian Phillips,AFC,LAC,26,4,16,7,0,0,0,0,0,0,0,0,0,0,0,65,0.0,1,"AP: 1st Tm, FW: 1st Tm"
ST,Cory Littleton,NFC,LAR,25,2,16,16,0,0,0,0,0,0,0,0,0,0,0,90,4.0,3,"AP: 2nd Tm, PFF: 2nd Tm"
ST,Michael Thomas,NFC,NYG,28,5,16,6,0,0,0,0,0,0,0,0,0,0,0,41,1.0,2,
